FishID,Year,Release_Location,Riverkm,Release_Group_SAIL,origin,Group,time.rel,travel.time,tt.grp,StudyID,TagID,Weight,Length,Length_Type,Route,Trucking_distance_rkm,Temperature_C
LFC0325,2007,BtlCkAbatPnd,534.36,Upper Sacramento River,hatchery,late-fall,1/31/07 14:50,15.37766204,Chips,CALFED-LFC-01,1334,42.7,160,FL,SacRSlough,0,8.94
LFC0313,2007,BtlCkAbatPnd,534.36,Upper Sacramento River,hatchery,late-fall,1/31/07 14:50,16.22008102,Chips,CALFED-LFC-01,1336,44,161,FL,SacR,0,8.94
LFC0348,2007,BtlCkAbatPnd,534.36,Upper Sacramento River,hatchery,late-fall,2/2/07 12:04,22.20266204,Chips,CALFED-LFC-01,1301,49.3,169,FL,SacR,0,8.81
LFC0346,2007,BtlCkAbatPnd,534.36,Upper Sacramento River,hatchery,late-fall,2/2/07 12:04,12.32972222,Chips,CALFED-LFC-01,1299,49,170,FL,SacR,0,8.81
LFC0351,2007,BtlCkAbatPnd,534.36,Upper Sacramento River,hatchery,late-fall,2/2/07 12:04,16.12559028,Chips,CALFED-LFC-01,1376,51.5,171,FL,CenDel,0,8.81
LFC0635,2008,SacJellyRamp,517.5,Upper Sacramento River,hatchery,late-fall,12/7/07 17:30,34.69981481,Chips,CALFED-LFC-02,15323,38,153,FL,SacRSlough,16.866,11.29
LFC0616,2008,SacJellyRamp,517.5,Upper Sacramento River,hatchery,late-fall,12/7/07 17:30,24.53872685,Chips,CALFED-LFC-02,15304,53.7,161,FL,SacR,16.866,11.29
LFC0640,2008,SacJellyRamp,517.5,Upper Sacramento River,hatchery,late-fall,12/7/07 17:30,38.89753472,Chips,CALFED-LFC-02,15328,49.9,163,FL,CenDel,16.866,11.29
LFC0623,2008,SacJellyRamp,517.5,Upper Sacramento River,hatchery,late-fall,12/7/07 17:30,34.260625,Chips,CALFED-LFC-02,15311,47.1,165,FL,SacRSlough,16.866,11.29
LFC0627,2008,SacJellyRamp,517.5,Upper Sacramento River,hatchery,late-fall,12/7/07 17:30,61.25293981,Chips,CALFED-LFC-02,15315,49.8,168,FL,SacR,16.866,11.29
LFC0655,2008,SacJellyRamp,517.5,Upper Sacramento River,hatchery,late-fall,12/7/07 17:30,17.2240162,Chips,CALFED-LFC-02,15343,54.9,172,FL,SacR,16.866,11.29
LFC0628,2008,SacJellyRamp,517.5,Upper Sacramento River,hatchery,late-fall,12/7/07 17:30,29.1734375,Chips,CALFED-LFC-02,15316,56.5,175,FL,SacR,16.866,11.29
LFC0654,2008,SacJellyRamp,517.5,Upper Sacramento River,hatchery,late-fall,12/7/07 17:30,33.21688657,Chips,CALFED-LFC-02,15342,63.5,176,FL,SacRSlough,16.866,11.29
LFC0653,2008,SacJellyRamp,517.5,Upper Sacramento River,hatchery,late-fall,12/7/07 17:30,23.37422454,Chips,CALFED-LFC-02,15341,75,180,FL,SacR,16.866,11.29
LFC0649,2008,SacJellyRamp,517.5,Upper Sacramento River,hatchery,late-fall,12/7/07 17:30,33.70003472,Chips,CALFED-LFC-02,15337,66.4,183,FL,SacRSlough,16.866,11.29
LFC0614,2008,SacJellyRamp,517.5,Upper Sacramento River,hatchery,late-fall,12/7/07 17:30,24.39206019,Chips,CALFED-LFC-02,15302,68.8,184,FL,"SacRSlough, CenDel",16.866,11.29
LFC0741,2008,SacButteCityRamp,363.46,Middle Sacramento River,hatchery,late-fall,12/7/07 17:38,12.08914352,Chips,CALFED-LFC-02,15123,31.8,149,FL,SacRSlough,170.9,11.43
LFC0760,2008,SacButteCityRamp,363.46,Middle Sacramento River,hatchery,late-fall,12/7/07 17:38,34.24225694,Chips,CALFED-LFC-02,15142,37.2,150,FL,SacR,170.9,11.43
LFC0724,2008,SacButteCityRamp,363.46,Middle Sacramento River,hatchery,late-fall,12/7/07 17:38,19.71725694,Chips,CALFED-LFC-02,15106,38.5,153,FL,SacR,170.9,11.43
LFC0727,2008,SacButteCityRamp,363.46,Middle Sacramento River,hatchery,late-fall,12/7/07 17:38,14.27994213,Chips,CALFED-LFC-02,15109,37.4,153,FL,SacR,170.9,11.43
LFC0728,2008,SacButteCityRamp,363.46,Middle Sacramento River,hatchery,late-fall,12/7/07 17:38,67.71568287,Chips,CALFED-LFC-02,15110,45.2,162,FL,SacRSlough,170.9,11.43
LFC0738,2008,SacButteCityRamp,363.46,Middle Sacramento River,hatchery,late-fall,12/7/07 17:38,16.46694444,Chips,CALFED-LFC-02,15120,44,165,FL,SacR,170.9,11.43
LFC0747,2008,SacButteCityRamp,363.46,Middle Sacramento River,hatchery,late-fall,12/7/07 17:38,26.02927083,Chips,CALFED-LFC-02,15129,50.7,170,FL,"SacRSlough, CenDel",170.9,11.43
LFC0748,2008,SacButteCityRamp,363.46,Middle Sacramento River,hatchery,late-fall,12/7/07 17:38,32.23446759,Chips,CALFED-LFC-02,15130,60.6,181,FL,SacR,170.9,11.43
LFC0746,2008,SacButteCityRamp,363.46,Middle Sacramento River,hatchery,late-fall,12/7/07 17:38,22.30640046,Chips,CALFED-LFC-02,15128,70.8,185,FL,SacRSlough,170.9,11.43
LFC0693,2008,SacIrvineFinchRamp,413.83,Middle Sacramento River,hatchery,late-fall,12/7/07 18:35,31.27512731,Chips,CALFED-LFC-02,15381,33.9,147,FL,SacR,120.527,11.39
LFC0696,2008,SacIrvineFinchRamp,413.83,Middle Sacramento River,hatchery,late-fall,12/7/07 18:35,19.69577546,Chips,CALFED-LFC-02,15384,35.4,147,FL,CenDel,120.527,11.28
LFC0678,2008,SacIrvineFinchRamp,413.83,Middle Sacramento River,hatchery,late-fall,12/7/07 18:35,29.09902778,Chips,CALFED-LFC-02,15366,40.6,151,FL,CenDel,120.527,11.28
LFC0685,2008,SacIrvineFinchRamp,413.83,Middle Sacramento River,hatchery,late-fall,12/7/07 18:35,54.06898148,Ben.Ant,CALFED-LFC-02,15373,33.8,152,FL,CenDel,120.527,11.28
LFC0704,2008,SacIrvineFinchRamp,413.83,Middle Sacramento River,hatchery,late-fall,12/7/07 18:35,38.29783565,Chips,CALFED-LFC-02,15086,39.6,152,FL,SacRSlough,120.527,11.28
LFC0666,2008,SacIrvineFinchRamp,413.83,Middle Sacramento River,hatchery,late-fall,12/7/07 18:35,24.36719907,Chips,CALFED-LFC-02,15354,44,163,FL,CenDel,120.527,11.28
LFC0706,2008,SacIrvineFinchRamp,413.83,Middle Sacramento River,hatchery,late-fall,12/7/07 18:35,24.9246875,Chips,CALFED-LFC-02,15088,47.4,163,FL,SacRSlough,120.527,11.28
LFC0663,2008,SacIrvineFinchRamp,413.83,Middle Sacramento River,hatchery,late-fall,12/7/07 18:35,34.18380787,Chips,CALFED-LFC-02,15351,54.2,172,FL,SacR,120.527,11.28
LFC0687,2008,SacIrvineFinchRamp,413.83,Middle Sacramento River,hatchery,late-fall,12/7/07 18:35,15.57689815,Chips,CALFED-LFC-02,15375,63.8,183,FL,SacR,120.527,11.28
LFC1045,2008,SacButteCityRamp,363.46,Middle Sacramento River,hatchery,late-fall,1/17/08 18:00,10.30712963,Ben.Dec,CALFED-LFC-02,15173,34.2,148,FL,SacR,170.9,7.64
LFC1044,2008,SacButteCityRamp,363.46,Middle Sacramento River,hatchery,late-fall,1/17/08 18:00,10.83953704,Chips,CALFED-LFC-02,15172,36,152,FL,SacR,170.9,7.64
LFC1069,2008,SacButteCityRamp,363.46,Middle Sacramento River,hatchery,late-fall,1/17/08 18:00,11.9387037,Chips,CALFED-LFC-02,15197,36.3,153,FL,SacR,170.9,7.64
LFC1041,2008,SacButteCityRamp,363.46,Middle Sacramento River,hatchery,late-fall,1/17/08 18:00,18.41866898,Chips,CALFED-LFC-02,15169,41.2,157,FL,SacR,170.9,7.64
LFC1047,2008,SacButteCityRamp,363.46,Middle Sacramento River,hatchery,late-fall,1/17/08 18:00,21.96164352,Chips,CALFED-LFC-02,15175,42.8,158,FL,CenDel,170.9,7.64
LFC1072,2008,SacButteCityRamp,363.46,Middle Sacramento River,hatchery,late-fall,1/17/08 18:00,22.66930556,Chips,CALFED-LFC-02,15200,44.3,162,FL,CenDel,170.9,7.64
LFC1057,2008,SacButteCityRamp,363.46,Middle Sacramento River,hatchery,late-fall,1/17/08 18:00,14.19783565,Chips,CALFED-LFC-02,15185,47.9,164,FL,SacRSlough,170.9,7.64
LFC1067,2008,SacButteCityRamp,363.46,Middle Sacramento River,hatchery,late-fall,1/17/08 18:00,11.58799769,Ben.Dec,CALFED-LFC-02,15195,49.6,165,FL,SacR,170.9,7.64
LFC1029,2008,SacButteCityRamp,363.46,Middle Sacramento River,hatchery,late-fall,1/17/08 18:00,17.12465278,Ben.Dec,CALFED-LFC-02,15157,49.8,167,FL,SacR,170.9,7.64
LFC1053,2008,SacButteCityRamp,363.46,Middle Sacramento River,hatchery,late-fall,1/17/08 18:00,32.17260417,Chips,CALFED-LFC-02,15181,49.8,167,FL,CenDel,170.9,7.64
LFC1062,2008,SacButteCityRamp,363.46,Middle Sacramento River,hatchery,late-fall,1/17/08 18:00,23.718125,Chips,CALFED-LFC-02,15190,53.3,170,FL,CenDel,170.9,7.64
LFC1051,2008,SacButteCityRamp,363.46,Middle Sacramento River,hatchery,late-fall,1/17/08 18:00,19.24108796,Chips,CALFED-LFC-02,15179,57.9,174,FL,SacRSlough,170.9,7.64
LFC1061,2008,SacButteCityRamp,363.46,Middle Sacramento River,hatchery,late-fall,1/17/08 18:00,12.20523148,Chips,CALFED-LFC-02,15189,59.6,175,FL,SacRSlough,170.9,7.64
LFC1050,2008,SacButteCityRamp,363.46,Middle Sacramento River,hatchery,late-fall,1/17/08 18:00,13.62196759,Chips,CALFED-LFC-02,15178,59.4,176,FL,SacR,170.9,7.64
LFC1077,2008,SacButteCityRamp,363.46,Middle Sacramento River,hatchery,late-fall,1/17/08 18:00,28.86396991,Ben.Dec,CALFED-LFC-02,15205,62.6,177,FL,SacR,170.9,7.64
LFC1033,2008,SacButteCityRamp,363.46,Middle Sacramento River,hatchery,late-fall,1/17/08 18:00,34.18234954,Chips,CALFED-LFC-02,15161,62.3,181,FL,SacRSlough,170.9,7.64
LFC1064,2008,SacButteCityRamp,363.46,Middle Sacramento River,hatchery,late-fall,1/17/08 18:00,13.96100694,Chips,CALFED-LFC-02,15192,66.7,183,FL,"SacRSlough, CenDel",170.9,7.64
LFC1066,2008,SacButteCityRamp,363.46,Middle Sacramento River,hatchery,late-fall,1/17/08 18:00,13.98857639,Chips,CALFED-LFC-02,15194,70.2,184,FL,SacRSlough,170.9,7.64
LFC1028,2008,SacButteCityRamp,363.46,Middle Sacramento River,hatchery,late-fall,1/17/08 18:00,15.0691088,Chips,CALFED-LFC-02,15156,70.4,186,FL,CenDel,170.9,7.64
LFC1039,2008,SacButteCityRamp,363.46,Middle Sacramento River,hatchery,late-fall,1/17/08 18:00,12.86840278,Chips,CALFED-LFC-02,15167,71.4,189,FL,SacRSlough,170.9,7.64
LFC1073,2008,SacButteCityRamp,363.46,Middle Sacramento River,hatchery,late-fall,1/17/08 18:00,21.45130787,Chips,CALFED-LFC-02,15201,87.9,196,FL,CenDel,170.9,7.64
LFC1052,2008,SacButteCityRamp,363.46,Middle Sacramento River,hatchery,late-fall,1/17/08 18:00,14.84163194,Chips,CALFED-LFC-02,15180,82.9,197,FL,SacR,170.9,7.25
LFC1113,2008,SacIrvineFinchRamp,413.83,Middle Sacramento River,hatchery,late-fall,1/17/08 18:08,10.83554398,Chips,CALFED-LFC-02,15241,34.9,152,FL,SacR,120.527,6.8
LFC1101,2008,SacIrvineFinchRamp,413.83,Middle Sacramento River,hatchery,late-fall,1/17/08 18:08,11.22894676,Chips,CALFED-LFC-02,15229,40.4,157,FL,SacRSlough,120.527,6.8
LFC1116,2008,SacIrvineFinchRamp,413.83,Middle Sacramento River,hatchery,late-fall,1/17/08 18:08,11.26113426,Chips,CALFED-LFC-02,15244,40.4,158,FL,CenDel,120.527,6.8
LFC1103,2008,SacIrvineFinchRamp,413.83,Middle Sacramento River,hatchery,late-fall,1/17/08 18:08,11.94815972,Chips,CALFED-LFC-02,15231,39.1,159,FL,SacR,120.527,6.8
LFC1079,2008,SacIrvineFinchRamp,413.83,Middle Sacramento River,hatchery,late-fall,1/17/08 18:08,11.58694444,Chips,CALFED-LFC-02,15207,43.1,160,FL,SacR,120.527,6.8
LFC1122,2008,SacIrvineFinchRamp,413.83,Middle Sacramento River,hatchery,late-fall,1/17/08 18:08,36.22855324,Chips,CALFED-LFC-02,15250,44,161,FL,CenDel,120.527,6.8
LFC1082,2008,SacIrvineFinchRamp,413.83,Middle Sacramento River,hatchery,late-fall,1/17/08 18:08,12.37365741,Chips,CALFED-LFC-02,15210,46.5,165,FL,SacR,120.527,6.8
LFC1109,2008,SacIrvineFinchRamp,413.83,Middle Sacramento River,hatchery,late-fall,1/17/08 18:08,14.96159722,Chips,CALFED-LFC-02,15237,48.8,166,FL,SacRSlough,120.527,6.8
LFC1084,2008,SacIrvineFinchRamp,413.83,Middle Sacramento River,hatchery,late-fall,1/17/08 18:08,10.84247685,Chips,CALFED-LFC-02,15212,52.2,170,FL,SacR,120.527,6.8
LFC1128,2008,SacIrvineFinchRamp,413.83,Middle Sacramento River,hatchery,late-fall,1/17/08 18:08,24.20228009,Chips,CALFED-LFC-02,15256,60.4,174,FL,SacR,120.527,6.8
LFC1115,2008,SacIrvineFinchRamp,413.83,Middle Sacramento River,hatchery,late-fall,1/17/08 18:08,8.679016204,Chips,CALFED-LFC-02,15243,56.5,175,FL,SacRSlough,120.527,6.8
LFC1093,2008,SacIrvineFinchRamp,413.83,Middle Sacramento River,hatchery,late-fall,1/17/08 18:08,10.75616898,Chips,CALFED-LFC-02,15221,61.8,177,FL,SacRSlough,120.527,6.8
LFC1126,2008,SacIrvineFinchRamp,413.83,Middle Sacramento River,hatchery,late-fall,1/17/08 18:08,31.07010417,Chips,CALFED-LFC-02,15254,56.6,177,FL,SacRSlough,120.527,6.8
LFC1114,2008,SacIrvineFinchRamp,413.83,Middle Sacramento River,hatchery,late-fall,1/17/08 18:08,11.50148148,Chips,CALFED-LFC-02,15242,58.9,178,FL,SacR,120.527,6.8
LFC1081,2008,SacIrvineFinchRamp,413.83,Middle Sacramento River,hatchery,late-fall,1/17/08 18:08,10.84336806,Chips,CALFED-LFC-02,15209,62.1,179,FL,CenDel,120.527,6.8
LFC1091,2008,SacIrvineFinchRamp,413.83,Middle Sacramento River,hatchery,late-fall,1/17/08 18:08,11.33115741,Chips,CALFED-LFC-02,15219,64.7,179,FL,CenDel,120.527,6.8
LFC1099,2008,SacIrvineFinchRamp,413.83,Middle Sacramento River,hatchery,late-fall,1/17/08 18:08,11.2540625,Chips,CALFED-LFC-02,15227,59.7,180,FL,SacR,120.527,6.8
LFC1120,2008,SacIrvineFinchRamp,413.83,Middle Sacramento River,hatchery,late-fall,1/17/08 18:08,13.89134259,Chips,CALFED-LFC-02,15248,65.4,182,FL,SacRSlough,120.527,6.8
LFC1124,2008,SacIrvineFinchRamp,413.83,Middle Sacramento River,hatchery,late-fall,1/17/08 18:08,13.92570602,Chips,CALFED-LFC-02,15252,73.6,189,FL,SacRSlough,120.527,6.8
LFC1129,2008,SacIrvineFinchRamp,413.83,Middle Sacramento River,hatchery,late-fall,1/17/08 18:08,10.76952546,Chips,CALFED-LFC-02,15257,76.7,189,FL,SacR,120.527,6.8
LFC1087,2008,SacIrvineFinchRamp,413.83,Middle Sacramento River,hatchery,late-fall,1/17/08 18:08,13.36287037,Chips,CALFED-LFC-02,15215,82.6,193,FL,SacRSlough,120.527,6.8
LFC1106,2008,SacIrvineFinchRamp,413.83,Middle Sacramento River,hatchery,late-fall,1/17/08 18:08,38.82364583,Chips,CALFED-LFC-02,15234,77.7,193,FL,SacR,120.527,6.8
LFC1080,2008,SacIrvineFinchRamp,413.83,Middle Sacramento River,hatchery,late-fall,1/17/08 18:08,17.14872685,Chips,CALFED-LFC-02,15208,88,199,FL,SacRSlough,120.527,6.8
LFC1018,2008,SacJellyRamp,517.5,Upper Sacramento River,hatchery,late-fall,1/17/08 18:45,11.19987269,Chips,CALFED-LFC-02,15146,43.6,159,FL,SacR,16.866,7.055
LFC1027,2008,SacJellyRamp,517.5,Upper Sacramento River,hatchery,late-fall,1/17/08 18:45,15.04364583,Chips,CALFED-LFC-02,15155,43.4,160,FL,SacR,16.866,7.055
LFC0985,2008,SacJellyRamp,517.5,Upper Sacramento River,hatchery,late-fall,1/17/08 18:45,15.04835648,Chips,CALFED-LFC-02,15268,45.5,163,FL,SacRSlough,16.866,7.055
LFC1007,2008,SacJellyRamp,517.5,Upper Sacramento River,hatchery,late-fall,1/17/08 18:45,21.68538194,Chips,CALFED-LFC-02,15291,47.6,164,FL,"SacRSlough, CenDel",16.866,7.055
LFC0995,2008,SacJellyRamp,517.5,Upper Sacramento River,hatchery,late-fall,1/17/08 18:45,14.16306713,Chips,CALFED-LFC-02,15279,50.5,166,FL,SacRSlough,16.866,7.055
LFC0987,2008,SacJellyRamp,517.5,Upper Sacramento River,hatchery,late-fall,1/17/08 18:45,19.18758102,Chips,CALFED-LFC-02,15270,45.8,168,FL,SacRSlough,16.866,7.055
LFC1025,2008,SacJellyRamp,517.5,Upper Sacramento River,hatchery,late-fall,1/17/08 18:45,14.55640046,Chips,CALFED-LFC-02,15153,49.7,170,FL,SacRSlough,16.866,7.055
LFC1520,2009,SacJellyRamp,517.5,Upper Sacramento River,hatchery,late-fall,12/13/08 17:45,16.46905093,Chips,CALFED-LFC-03,32189,32.8,140,FL,SacR,16.866,10.31
LFC1500,2009,SacJellyRamp,517.5,Upper Sacramento River,hatchery,late-fall,12/13/08 17:45,31.23775463,Chips,CALFED-LFC-03,32168,32.8,145,FL,CenDel,16.866,10.31
LFC1502,2009,SacJellyRamp,517.5,Upper Sacramento River,hatchery,late-fall,12/13/08 17:45,16.7415162,Chips,CALFED-LFC-03,32170,39.7,145,FL,SacR,16.866,10.31
LFC1511,2009,SacJellyRamp,517.5,Upper Sacramento River,hatchery,late-fall,12/13/08 17:45,33.25873843,Chips,CALFED-LFC-03,32180,34.1,145,FL,CenDel,16.866,10.31
LFC1497,2009,SacJellyRamp,517.5,Upper Sacramento River,hatchery,late-fall,12/13/08 17:45,20.328125,Chips,CALFED-LFC-03,32165,36.6,146,FL,SacR,16.866,10.31
LFC1506,2009,SacJellyRamp,517.5,Upper Sacramento River,hatchery,late-fall,12/13/08 17:45,20.30954861,Chips,CALFED-LFC-03,32174,34.8,147,FL,SacRSlough,16.866,10.31
LFC1495,2009,SacJellyRamp,517.5,Upper Sacramento River,hatchery,late-fall,12/13/08 17:45,15.70493056,Chips,CALFED-LFC-03,32162,39.2,150,FL,SacR,16.866,10.31
LFC1508,2009,SacJellyRamp,517.5,Upper Sacramento River,hatchery,late-fall,12/13/08 17:45,21.08325231,Chips,CALFED-LFC-03,32176,37.6,151,FL,"SacRSlough, CenDel",16.866,10.31
LFC1524,2009,SacJellyRamp,517.5,Upper Sacramento River,hatchery,late-fall,12/13/08 17:45,45.59459491,Chips,CALFED-LFC-03,32193,38.1,153,FL,SacR,16.866,10.31
LFC1498,2009,SacJellyRamp,517.5,Upper Sacramento River,hatchery,late-fall,12/13/08 17:45,21.94755787,Chips,CALFED-LFC-03,32166,42.7,155,FL,CenDel,16.866,10.31
LFC1588,2009,SacButteCityRamp,363.46,Middle Sacramento River,hatchery,late-fall,12/13/08 18:00,9.5059375,Chips,CALFED-LFC-03,32257,29.5,141,FL,SacR,170.9,9.63
LFC1608,2009,SacButteCityRamp,363.46,Middle Sacramento River,hatchery,late-fall,12/13/08 18:00,22.41819444,Chips,CALFED-LFC-03,32277,33,144,FL,SacR,170.9,9.63
LFC1582,2009,SacButteCityRamp,363.46,Middle Sacramento River,hatchery,late-fall,12/13/08 18:00,17.2678588,Chips,CALFED-LFC-03,32251,33.5,146,FL,SacR,170.9,9.63
LFC1619,2009,SacButteCityRamp,363.46,Middle Sacramento River,hatchery,late-fall,12/13/08 18:00,20.15799769,Chips,CALFED-LFC-03,32288,34.8,146,FL,SacRSlough,170.9,9.63
LFC1622,2009,SacButteCityRamp,363.46,Middle Sacramento River,hatchery,late-fall,12/13/08 18:00,15.71831019,Chips,CALFED-LFC-03,32291,35.5,150,FL,SacR,170.9,9.63
LFC1623,2009,SacButteCityRamp,363.46,Middle Sacramento River,hatchery,late-fall,12/13/08 18:00,10.17273148,Chips,CALFED-LFC-03,32292,32.1,150,FL,SacRSlough,170.9,9.63
LFC1585,2009,SacButteCityRamp,363.46,Middle Sacramento River,hatchery,late-fall,12/13/08 18:00,22.9777662,Chips,CALFED-LFC-03,32254,40.7,151,FL,SacR,170.9,9.63
LFC1607,2009,SacButteCityRamp,363.46,Middle Sacramento River,hatchery,late-fall,12/13/08 18:00,22.37180556,Chips,CALFED-LFC-03,32276,42.2,154,FL,SacRSlough,170.9,9.63
LFC1620,2009,SacButteCityRamp,363.46,Middle Sacramento River,hatchery,late-fall,12/13/08 18:00,43.25021991,Chips,CALFED-LFC-03,32289,42.6,155,FL,SacR,170.9,9.63
LFC1606,2009,SacButteCityRamp,363.46,Middle Sacramento River,hatchery,late-fall,12/13/08 18:00,21.83321759,Chips,CALFED-LFC-03,32275,47.7,160,FL,SacRSlough,170.9,9.63
LFC1594,2009,SacButteCityRamp,363.46,Middle Sacramento River,hatchery,late-fall,12/13/08 18:00,30.44872685,Chips,CALFED-LFC-03,32263,59.1,170,FL,CenDel,170.9,9.63
LFC1563,2009,SacIrvineFinchRamp,413.83,Middle Sacramento River,hatchery,late-fall,12/13/08 18:19,20.2450463,Chips,CALFED-LFC-03,32232,33.3,142,FL,SacRSlough,120.527,9.58
LFC1566,2009,SacIrvineFinchRamp,413.83,Middle Sacramento River,hatchery,late-fall,12/13/08 18:19,20.23188657,Chips,CALFED-LFC-03,32235,31.7,142,FL,SacR,120.527,9.58
LFC1550,2009,SacIrvineFinchRamp,413.83,Middle Sacramento River,hatchery,late-fall,12/13/08 18:19,16.48653935,Chips,CALFED-LFC-03,32219,32.4,144,FL,SacR,120.527,9.58
LFC1573,2009,SacIrvineFinchRamp,413.83,Middle Sacramento River,hatchery,late-fall,12/13/08 18:19,17.79181713,Chips,CALFED-LFC-03,32242,36.5,147,FL,SacRSlough,120.527,9.58
LFC1570,2009,SacIrvineFinchRamp,413.83,Middle Sacramento River,hatchery,late-fall,12/13/08 18:19,15.22243056,Chips,CALFED-LFC-03,32239,36.5,150,FL,SacRSlough,120.527,9.58
LFC1571,2009,SacIrvineFinchRamp,413.83,Middle Sacramento River,hatchery,late-fall,12/13/08 18:19,15.7022338,Chips,CALFED-LFC-03,32240,39.5,150,FL,SacRSlough,120.527,9.58
LFC1545,2009,SacIrvineFinchRamp,413.83,Middle Sacramento River,hatchery,late-fall,12/13/08 18:19,28.37969907,Chips,CALFED-LFC-03,32214,40.8,151,FL,CenDel,120.527,9.58
LFC1567,2009,SacIrvineFinchRamp,413.83,Middle Sacramento River,hatchery,late-fall,12/13/08 18:19,21.37118056,Chips,CALFED-LFC-03,32236,40.5,153,FL,CenDel,120.527,9.58
LFC1569,2009,SacIrvineFinchRamp,413.83,Middle Sacramento River,hatchery,late-fall,12/13/08 18:19,55.08344907,Chips,CALFED-LFC-03,32238,39,153,FL,SacR,120.527,9.58
LFC1574,2009,SacIrvineFinchRamp,413.83,Middle Sacramento River,hatchery,late-fall,12/13/08 18:19,16.14665509,Chips,CALFED-LFC-03,32243,38.1,153,FL,SacRSlough,120.527,9.58
LFC1568,2009,SacIrvineFinchRamp,413.83,Middle Sacramento River,hatchery,late-fall,12/13/08 18:19,19.21454861,Chips,CALFED-LFC-03,32237,44.5,157,FL,CenDel,120.527,9.58
LFC1552,2009,SacIrvineFinchRamp,413.83,Middle Sacramento River,hatchery,late-fall,12/13/08 18:19,21.19783565,Chips,CALFED-LFC-03,32221,46.8,158,FL,CenDel,120.527,9.58
LFC1559,2009,SacIrvineFinchRamp,413.83,Middle Sacramento River,hatchery,late-fall,12/13/08 18:19,20.32893519,Chips,CALFED-LFC-03,32228,47.6,161,FL,SacR,120.527,9.58
LFC1539,2009,SacIrvineFinchRamp,413.83,Middle Sacramento River,hatchery,late-fall,12/13/08 18:19,16.23166667,Chips,CALFED-LFC-03,32208,52.1,163,FL,"SacRSlough, CenDel",120.527,9.58
LFC1556,2009,SacIrvineFinchRamp,413.83,Middle Sacramento River,hatchery,late-fall,12/13/08 18:19,12.69240741,Chips,CALFED-LFC-03,32225,54.4,167,FL,SacR,120.527,9.58
LFC1531,2009,SacIrvineFinchRamp,413.83,Middle Sacramento River,hatchery,late-fall,12/13/08 18:19,16.2719213,Chips,CALFED-LFC-03,32200,65.9,171,FL,SacR,120.527,9.58
LFC1637,2009,SacButteCityRamp,363.46,Middle Sacramento River,hatchery,late-fall,1/11/09 16:55,14.70262731,Chips,CALFED-LFC-03,32306,32,145,FL,SacRSlough,170.9,8.41
LFC1667,2009,SacButteCityRamp,363.46,Middle Sacramento River,hatchery,late-fall,1/11/09 16:55,10.11251157,Chips,CALFED-LFC-03,32336,33.4,146,FL,SacR,170.9,8.41
LFC1651,2009,SacButteCityRamp,363.46,Middle Sacramento River,hatchery,late-fall,1/11/09 16:55,33.93047454,Chips,CALFED-LFC-03,32320,33.5,148,FL,CenDel,170.9,8.41
LFC1669,2009,SacButteCityRamp,363.46,Middle Sacramento River,hatchery,late-fall,1/11/09 16:55,11.13344907,Chips,CALFED-LFC-03,32338,36.6,148,FL,SacR,170.9,8.41
LFC1644,2009,SacButteCityRamp,363.46,Middle Sacramento River,hatchery,late-fall,1/11/09 16:55,44.17590278,Chips,CALFED-LFC-03,32313,34.7,150,FL,CenDel,170.9,8.41
LFC1635,2009,SacButteCityRamp,363.46,Middle Sacramento River,hatchery,late-fall,1/11/09 16:55,46.28623843,Chips,CALFED-LFC-03,32304,32.5,152,FL,SacR,170.9,8.41
LFC1660,2009,SacButteCityRamp,363.46,Middle Sacramento River,hatchery,late-fall,1/11/09 16:55,10.49818287,Chips,CALFED-LFC-03,32329,44.4,159,FL,SacR,170.9,8.42
LFC1670,2009,SacButteCityRamp,363.46,Middle Sacramento River,hatchery,late-fall,1/11/09 16:55,10.08072917,Chips,CALFED-LFC-03,32339,43.4,161,FL,SacR,170.9,8.41
LFC1662,2009,SacButteCityRamp,363.46,Middle Sacramento River,hatchery,late-fall,1/11/09 16:55,15.48836806,Chips,CALFED-LFC-03,32331,47.5,165,FL,SacRSlough,170.9,8.41
LFC1663,2009,SacButteCityRamp,363.46,Middle Sacramento River,hatchery,late-fall,1/11/09 16:55,20.24695602,Chips,CALFED-LFC-03,32332,54.7,172,FL,SacRSlough,170.9,8.41
LFC1736,2009,SacIrvineFinchRamp,413.83,Middle Sacramento River,hatchery,late-fall,1/11/09 19:00,42.52796296,Chips,CALFED-LFC-03,32557,36.9,147,FL,SacRSlough,120.527,8.17
LFC1766,2009,SacIrvineFinchRamp,413.83,Middle Sacramento River,hatchery,late-fall,1/11/09 19:00,21.28792824,Chips,CALFED-LFC-03,32587,31.8,148,FL,SacR,120.527,8.17
LFC1729,2009,SacIrvineFinchRamp,413.83,Middle Sacramento River,hatchery,late-fall,1/11/09 19:00,62.64004051,Ben.Dec,CALFED-LFC-03,32550,38.6,152,FL,CenDel,120.527,8.17
LFC1743,2009,SacIrvineFinchRamp,413.83,Middle Sacramento River,hatchery,late-fall,1/11/09 19:00,40.04627315,Chips,CALFED-LFC-03,32564,48.7,162,FL,CenDel,120.527,8.17
LFC1745,2009,SacIrvineFinchRamp,413.83,Middle Sacramento River,hatchery,late-fall,1/11/09 19:00,13.11869213,Chips,CALFED-LFC-03,32566,43.6,164,FL,SacRSlough,120.527,8.17
LFC1768,2009,SacIrvineFinchRamp,413.83,Middle Sacramento River,hatchery,late-fall,1/11/09 19:00,15.80350694,Chips,CALFED-LFC-03,32589,60.2,173,FL,SacRSlough,120.527,8.38
LFC1738,2009,SacIrvineFinchRamp,413.83,Middle Sacramento River,hatchery,late-fall,1/11/09 19:00,17.17885417,Chips,CALFED-LFC-03,32559,55.8,174,FL,CenDel,120.527,8.17
LFC1696,2009,SacJellyRamp,517.5,Upper Sacramento River,hatchery,late-fall,1/11/09 19:15,37.86864583,Chips,CALFED-LFC-03,32517,30.9,148,FL,CenDel,16.866,8.44
LFC1725,2009,SacJellyRamp,517.5,Upper Sacramento River,hatchery,late-fall,1/11/09 19:15,21.12996528,Chips,CALFED-LFC-03,32546,39,153,FL,SacR,16.866,8.44
LFC1702,2009,SacJellyRamp,517.5,Upper Sacramento River,hatchery,late-fall,1/11/09 19:15,25.2843287,Chips,CALFED-LFC-03,32523,38.6,154,FL,SacRSlough,16.866,8.44
LFC1719,2009,SacJellyRamp,517.5,Upper Sacramento River,hatchery,late-fall,1/11/09 19:15,17.89836806,Chips,CALFED-LFC-03,32540,47.3,164,FL,SacR,16.866,8.44
LFC3208,2010,SacButteCityRamp,363.46,Middle Sacramento River,hatchery,late-fall,12/15/09 17:59,17.2210706,Ben.Dec,CALFED-LFC-04,33566,36.3,148,FL,SacRSlough,170.9,9.71
LFC3321,2010,SacButteCityRamp,363.46,Middle Sacramento River,hatchery,late-fall,12/15/09 17:59,37.91895833,Chips,CALFED-LFC-04,33688,39.4,153,FL,SacRSlough,170.9,9.71
LFC3207,2010,SacButteCityRamp,363.46,Middle Sacramento River,hatchery,late-fall,12/15/09 17:59,7.270324074,Chips,CALFED-LFC-04,33565,41.9,155,FL,SacR,170.9,9.71
LFC3215,2010,SacButteCityRamp,363.46,Middle Sacramento River,hatchery,late-fall,12/15/09 17:59,31.18386574,Chips,CALFED-LFC-04,33574,39.2,155,FL,CenDel,170.9,9.71
LFC3254,2010,SacJellyRamp,517.5,Upper Sacramento River,hatchery,late-fall,12/15/09 18:00,13.9946875,Chips,CALFED-LFC-04,33614,34.1,144,FL,SacR,16.866,10.305
LFC3190,2010,SacJellyRamp,517.5,Upper Sacramento River,hatchery,late-fall,12/15/09 18:00,39.97824074,Chips,CALFED-LFC-04,33548,33.2,145,FL,SacR,16.866,10.305
LFC3249,2010,SacJellyRamp,517.5,Upper Sacramento River,hatchery,late-fall,12/15/09 18:00,31.63590278,Chips,CALFED-LFC-04,33609,34.6,146,FL,SacR,16.866,10.305
LFC3174,2010,SacJellyRamp,517.5,Upper Sacramento River,hatchery,late-fall,12/15/09 18:00,9.91212963,Chips,CALFED-LFC-04,33531,39,150,FL,SacR,16.866,10.305
LFC3269,2010,SacJellyRamp,517.5,Upper Sacramento River,hatchery,late-fall,12/15/09 18:00,8.130347222,Chips,CALFED-LFC-04,33631,36,150,FL,SacR,16.866,10.305
LFC3172,2010,SacJellyRamp,517.5,Upper Sacramento River,hatchery,late-fall,12/15/09 18:00,33.65853588,Ben.Dec,CALFED-LFC-04,33529,44.1,156,FL,SacRSlough,16.866,10.305
LFC3171,2010,SacJellyRamp,517.5,Upper Sacramento River,hatchery,late-fall,12/15/09 18:00,39.93690972,Chips,CALFED-LFC-04,33528,47,157,FL,SacR,16.866,10.305
LFC3178,2010,SacJellyRamp,517.5,Upper Sacramento River,hatchery,late-fall,12/15/09 18:00,13.99513889,Chips,CALFED-LFC-04,33535,47.5,157,FL,"SacRSlough, CenDel",16.866,10.305
LFC3183,2010,SacJellyRamp,517.5,Upper Sacramento River,hatchery,late-fall,12/15/09 18:00,35.27697917,Chips,CALFED-LFC-04,33540,47.3,160,FL,SacR,16.866,10.305
LFC3193,2010,SacJellyRamp,517.5,Upper Sacramento River,hatchery,late-fall,12/15/09 18:00,25.00618056,Chips,CALFED-LFC-04,33551,56,173,FL,SacR,16.866,10.305
LFC3297,2010,SacIrvineFinchRamp,413.83,Middle Sacramento River,hatchery,late-fall,12/15/09 18:15,41.03898148,Chips,CALFED-LFC-04,33663,29.3,140,FL,SacRSlough,120.527,9.75
LFC3238,2010,SacIrvineFinchRamp,413.83,Middle Sacramento River,hatchery,late-fall,12/15/09 18:15,9.979756944,Chips,CALFED-LFC-04,33598,33.5,144,FL,"SacRSlough, CenDel",120.527,9.68
LFC3272,2010,SacIrvineFinchRamp,413.83,Middle Sacramento River,hatchery,late-fall,12/15/09 18:15,55.49528935,Chips,CALFED-LFC-04,33634,34.5,145,FL,SacR,120.527,9.68
LFC3295,2010,SacIrvineFinchRamp,413.83,Middle Sacramento River,hatchery,late-fall,12/15/09 18:15,9.349259259,Chips,CALFED-LFC-04,33661,31.8,145,FL,SacR,120.527,9.68
LFC3231,2010,SacIrvineFinchRamp,413.83,Middle Sacramento River,hatchery,late-fall,12/15/09 18:15,37.86885417,Chips,CALFED-LFC-04,33591,39.2,152,FL,SacR,120.527,9.68
LFC3232,2010,SacIrvineFinchRamp,413.83,Middle Sacramento River,hatchery,late-fall,12/15/09 18:15,8.12818287,Chips,CALFED-LFC-04,33592,40.6,152,FL,SacR,120.527,9.68
LFC3275,2010,SacIrvineFinchRamp,413.83,Middle Sacramento River,hatchery,late-fall,12/15/09 18:15,11.43788773,Ben.Dec,CALFED-LFC-04,33639,40.6,153,FL,SacR,120.527,9.68
LFC3281,2010,SacIrvineFinchRamp,413.83,Middle Sacramento River,hatchery,late-fall,12/15/09 18:15,22.33538194,Chips,CALFED-LFC-04,33646,49.4,163,FL,SacRSlough,120.527,9.68
LFC3438,2010,SacIrvineFinchRamp,413.83,Middle Sacramento River,hatchery,late-fall,1/6/10 18:28,15.80274306,Chips,CALFED-LFC-04,63814,28,139,FL,SacR,120.527,8.74
LFC3376,2010,SacIrvineFinchRamp,413.83,Middle Sacramento River,hatchery,late-fall,1/6/10 18:28,16.90833333,Chips,CALFED-LFC-04,33753,29.9,140,FL,SacRSlough,120.527,8.74
LFC3431,2010,SacIrvineFinchRamp,413.83,Middle Sacramento River,hatchery,late-fall,1/6/10 18:28,15.77739583,Chips,CALFED-LFC-04,63807,31,145,FL,SacR,120.527,8.74
LFC3386,2010,SacIrvineFinchRamp,413.83,Middle Sacramento River,hatchery,late-fall,1/6/10 18:28,52.13753472,Chips,CALFED-LFC-04,63761,31.5,146,FL,CenDel,120.527,8.74
LFC3390,2010,SacIrvineFinchRamp,413.83,Middle Sacramento River,hatchery,late-fall,1/6/10 18:28,18.06783565,Chips,CALFED-LFC-04,63765,32.6,147,FL,SacRSlough,120.527,8.74
LFC3444,2010,SacIrvineFinchRamp,413.83,Middle Sacramento River,hatchery,late-fall,1/6/10 18:28,56.71998843,Chips,CALFED-LFC-04,63820,32.8,147,FL,CenDel,120.527,8.74
LFC3440,2010,SacIrvineFinchRamp,413.83,Middle Sacramento River,hatchery,late-fall,1/6/10 18:28,15.9852662,Chips,CALFED-LFC-04,63816,35.2,148,FL,SacR,120.527,8.74
LFC3375,2010,SacIrvineFinchRamp,413.83,Middle Sacramento River,hatchery,late-fall,1/6/10 18:28,15.82539352,Chips,CALFED-LFC-04,33752,35.5,151,FL,SacR,120.527,8.74
LFC3388,2010,SacIrvineFinchRamp,413.83,Middle Sacramento River,hatchery,late-fall,1/6/10 18:28,13.17740741,Chips,CALFED-LFC-04,63763,41.7,159,FL,SacR,120.527,8.74
LFC3389,2010,SacIrvineFinchRamp,413.83,Middle Sacramento River,hatchery,late-fall,1/6/10 18:28,16.28394676,Chips,CALFED-LFC-04,63764,41.2,160,FL,SacR,120.527,8.74
LFC3348,2010,SacJellyRamp,517.5,Upper Sacramento River,hatchery,late-fall,1/6/10 18:30,15.74686343,Chips,CALFED-LFC-04,33718,29.9,139,FL,SacR,16.866,8.95
LFC3407,2010,SacJellyRamp,517.5,Upper Sacramento River,hatchery,late-fall,1/6/10 18:30,15.86553241,Chips,CALFED-LFC-04,63782,26.4,139,FL,SacR,16.866,8.95
LFC3403,2010,SacJellyRamp,517.5,Upper Sacramento River,hatchery,late-fall,1/6/10 18:30,70.54643519,Chips,CALFED-LFC-04,63778,28.5,143,FL,CenDel,16.866,8.95
LFC3330,2010,SacJellyRamp,517.5,Upper Sacramento River,hatchery,late-fall,1/6/10 18:30,16.92072917,Chips,CALFED-LFC-04,33698,32.5,144,FL,SacRSlough,16.866,8.95
LFC3406,2010,SacJellyRamp,517.5,Upper Sacramento River,hatchery,late-fall,1/6/10 18:30,15.93491898,Chips,CALFED-LFC-04,63781,35.9,148,FL,SacR,16.866,8.95
LFC3327,2010,SacJellyRamp,517.5,Upper Sacramento River,hatchery,late-fall,1/6/10 18:30,16.25390046,Chips,CALFED-LFC-04,33695,34.2,153,FL,SacR,16.866,8.95
LFC3409,2010,SacJellyRamp,517.5,Upper Sacramento River,hatchery,late-fall,1/6/10 18:30,24.67513889,Chips,CALFED-LFC-04,63784,40.8,159,FL,CenDel,16.866,8.95
LFC3337,2010,SacJellyRamp,517.5,Upper Sacramento River,hatchery,late-fall,1/6/10 18:30,21.00559028,Chips,CALFED-LFC-04,33705,45.9,162,FL,SacR,16.866,8.95
LFC3402,2010,SacJellyRamp,517.5,Upper Sacramento River,hatchery,late-fall,1/6/10 18:30,14.77203704,Chips,CALFED-LFC-04,63777,54.6,170,FL,SacR,16.866,8.95
LFC3339,2010,SacJellyRamp,517.5,Upper Sacramento River,hatchery,late-fall,1/6/10 18:30,16.26002315,Chips,CALFED-LFC-04,33707,61.4,174,FL,SacR,16.866,8.95
LFC3465,2010,SacButteCityRamp,363.46,Middle Sacramento River,hatchery,late-fall,1/6/10 18:35,14.9103125,Chips,CALFED-LFC-04,63841,29.7,144,FL,SacR,170.9,8.81
LFC3457,2010,SacButteCityRamp,363.46,Middle Sacramento River,hatchery,late-fall,1/6/10 18:35,15.91197917,Chips,CALFED-LFC-04,63833,31,145,FL,SacR,170.9,8.81
LFC3356,2010,SacButteCityRamp,363.46,Middle Sacramento River,hatchery,late-fall,1/6/10 18:35,16.28657407,Chips,CALFED-LFC-04,33729,31.8,147,FL,CenDel,170.9,8.81
LFC3467,2010,SacButteCityRamp,363.46,Middle Sacramento River,hatchery,late-fall,1/6/10 18:35,15.18417824,Chips,CALFED-LFC-04,63843,33.1,148,FL,CenDel,170.9,8.81
LFC3371,2010,SacButteCityRamp,363.46,Middle Sacramento River,hatchery,late-fall,1/6/10 18:35,16.33532407,Chips,CALFED-LFC-04,33747,42,155,FL,SacR,170.9,8.81
LFC3460,2010,SacButteCityRamp,363.46,Middle Sacramento River,hatchery,late-fall,1/6/10 18:35,13.27487269,Chips,CALFED-LFC-04,63836,52.4,173,FL,CenDel,170.9,8.81
LFC4404,2011,SacJellyRamp,517.5,Upper Sacramento River,hatchery,late-fall,12/17/10 21:00,7.32193287,Chips,CALFED-LFC-05,21825,26.9,137,FL,SacR,16.866,10.48
LFC4373,2011,SacJellyRamp,517.5,Upper Sacramento River,hatchery,late-fall,12/17/10 21:00,6.836087963,Chips,CALFED-LFC-05,21789,28.8,139,FL,SacR,16.866,10.48
LFC4337,2011,SacJellyRamp,517.5,Upper Sacramento River,hatchery,late-fall,12/17/10 21:00,8.363506944,Chips,CALFED-LFC-05,21757,32.1,143,FL,SacR,16.866,10.48
LFC4338,2011,SacJellyRamp,517.5,Upper Sacramento River,hatchery,late-fall,12/17/10 21:00,6.318929398,Ben.Dec,CALFED-LFC-05,21750,30.6,143,FL,SacR,16.866,10.48
LFC4358,2011,SacJellyRamp,517.5,Upper Sacramento River,hatchery,late-fall,12/17/10 21:00,5.174490741,Chips,CALFED-LFC-05,21772,33.7,145,FL,SacR,16.866,10.48
LFC4398,2011,SacJellyRamp,517.5,Upper Sacramento River,hatchery,late-fall,12/17/10 21:00,5.059884259,Ben.Dec,CALFED-LFC-05,21818,34.3,145,FL,SacR,16.866,10.48
LFC4370,2011,SacJellyRamp,517.5,Upper Sacramento River,hatchery,late-fall,12/17/10 21:00,25.75361111,Chips,CALFED-LFC-05,21786,36.3,147,FL,SacR,16.866,10.48
LFC4378,2011,SacJellyRamp,517.5,Upper Sacramento River,hatchery,late-fall,12/17/10 21:00,6.354664352,Chips,CALFED-LFC-05,21794,32.4,148,FL,SacR,16.866,10.48
LFC4310,2011,SacJellyRamp,517.5,Upper Sacramento River,hatchery,late-fall,12/17/10 21:00,7.307025463,Chips,CALFED-LFC-05,21721,35.5,149,FL,SacR,16.866,10.48
LFC4318,2011,SacJellyRamp,517.5,Upper Sacramento River,hatchery,late-fall,12/17/10 21:00,6.614832176,Ben.Dec,CALFED-LFC-05,21730,35.5,150,FL,SacR,16.866,10.48
LFC4362,2011,SacJellyRamp,517.5,Upper Sacramento River,hatchery,late-fall,12/17/10 21:00,10.1668287,Chips,CALFED-LFC-05,21777,38.7,151,FL,SacR,16.866,10.48
LFC4391,2011,SacJellyRamp,517.5,Upper Sacramento River,hatchery,late-fall,12/17/10 21:00,10.25070602,Chips,CALFED-LFC-05,21808,34.7,151,FL,CenDel,16.866,10.48
LFC4397,2011,SacJellyRamp,517.5,Upper Sacramento River,hatchery,late-fall,12/17/10 21:00,5.356412037,Chips,CALFED-LFC-05,21817,36.7,152,FL,SacR,16.866,10.48
LFC4307,2011,SacJellyRamp,517.5,Upper Sacramento River,hatchery,late-fall,12/17/10 21:00,8.002476852,Chips,CALFED-LFC-05,21717,37.9,153,FL,SacR,16.866,10.48
LFC4345,2011,SacJellyRamp,517.5,Upper Sacramento River,hatchery,late-fall,12/17/10 21:00,6.806319444,Chips,CALFED-LFC-05,21759,35.7,153,FL,SacR,16.866,10.48
LFC4372,2011,SacJellyRamp,517.5,Upper Sacramento River,hatchery,late-fall,12/17/10 21:00,8.155335648,Chips,CALFED-LFC-05,21788,37.8,153,FL,SacR,16.866,10.48
LFC4382,2011,SacJellyRamp,517.5,Upper Sacramento River,hatchery,late-fall,12/17/10 21:00,5.325740741,Chips,CALFED-LFC-05,21798,41.2,153,FL,SacR,16.866,10.48
LFC4316,2011,SacJellyRamp,517.5,Upper Sacramento River,hatchery,late-fall,12/17/10 21:00,28.19467593,Chips,CALFED-LFC-05,21727,40.7,154,FL,CenDel,16.866,10.48
LFC4347,2011,SacJellyRamp,517.5,Upper Sacramento River,hatchery,late-fall,12/17/10 21:00,5.9696875,Chips,CALFED-LFC-05,21761,38.6,154,FL,SacR,16.866,10.48
LFC4364,2011,SacJellyRamp,517.5,Upper Sacramento River,hatchery,late-fall,12/17/10 21:00,5.794502315,Chips,CALFED-LFC-05,21779,39.1,154,FL,SacR,16.866,10.48
LFC4400,2011,SacJellyRamp,517.5,Upper Sacramento River,hatchery,late-fall,12/17/10 21:00,10.26982639,Chips,CALFED-LFC-05,21820,40.7,155,FL,SacR,16.866,10.48
LFC4414,2011,SacJellyRamp,517.5,Upper Sacramento River,hatchery,late-fall,12/17/10 21:00,6.631967593,Chips,CALFED-LFC-05,21835,39.1,155,FL,CenDel,16.866,10.48
LFC4312,2011,SacJellyRamp,517.5,Upper Sacramento River,hatchery,late-fall,12/17/10 21:00,5.407320602,Ben.Dec,CALFED-LFC-05,21723,39.4,156,FL,SacR,16.866,10.48
LFC4375,2011,SacJellyRamp,517.5,Upper Sacramento River,hatchery,late-fall,12/17/10 21:00,5.010497685,Chips,CALFED-LFC-05,21791,41.9,157,FL,SacR,16.866,10.48
LFC4376,2011,SacJellyRamp,517.5,Upper Sacramento River,hatchery,late-fall,12/17/10 21:00,5.765266204,Chips,CALFED-LFC-05,21792,39.3,157,FL,SacR,16.866,10.48
LFC4388,2011,SacJellyRamp,517.5,Upper Sacramento River,hatchery,late-fall,12/17/10 21:00,6.229884259,Ben.Dec,CALFED-LFC-05,21805,42.1,158,FL,SacR,16.866,10.48
LFC4389,2011,SacJellyRamp,517.5,Upper Sacramento River,hatchery,late-fall,12/17/10 21:00,9.018553241,Chips,CALFED-LFC-05,21806,37.3,158,FL,CenDel,16.866,10.48
LFC4393,2011,SacJellyRamp,517.5,Upper Sacramento River,hatchery,late-fall,12/17/10 21:00,9.055810185,Chips,CALFED-LFC-05,21811,42.8,158,FL,SacR,16.866,10.48
LFC4409,2011,SacJellyRamp,517.5,Upper Sacramento River,hatchery,late-fall,12/17/10 21:00,6.845138889,Chips,CALFED-LFC-05,21830,37.8,158,FL,SacR,16.866,10.48
LFC4413,2011,SacJellyRamp,517.5,Upper Sacramento River,hatchery,late-fall,12/17/10 21:00,6.159166667,Chips,CALFED-LFC-05,21834,38.3,158,FL,SacR,16.866,10.48
LFC4341,2011,SacJellyRamp,517.5,Upper Sacramento River,hatchery,late-fall,12/17/10 21:00,6.107505787,Ben.Dec,CALFED-LFC-05,21754,45.2,159,FL,SacR,16.866,10.48
LFC4348,2011,SacJellyRamp,517.5,Upper Sacramento River,hatchery,late-fall,12/17/10 21:00,5.123009259,Chips,CALFED-LFC-05,21762,43.8,159,FL,SacR,16.866,10.48
LFC4323,2011,SacJellyRamp,517.5,Upper Sacramento River,hatchery,late-fall,12/17/10 21:00,6.057407407,Ben.Dec,CALFED-LFC-05,21735,42.9,160,FL,SacR,16.866,10.48
LFC4368,2011,SacJellyRamp,517.5,Upper Sacramento River,hatchery,late-fall,12/17/10 21:00,9.882517361,Ben.Dec,CALFED-LFC-05,21783,44.1,160,FL,SacR,16.866,10.48
LFC4379,2011,SacJellyRamp,517.5,Upper Sacramento River,hatchery,late-fall,12/17/10 21:00,5.832372685,Chips,CALFED-LFC-05,21795,45.2,160,FL,SacR,16.866,10.48
LFC4395,2011,SacJellyRamp,517.5,Upper Sacramento River,hatchery,late-fall,12/17/10 21:00,5.852361111,Chips,CALFED-LFC-05,21815,42,160,FL,SacR,16.866,10.48
LFC4315,2011,SacJellyRamp,517.5,Upper Sacramento River,hatchery,late-fall,12/17/10 21:00,11.22825231,Ben.Dec,CALFED-LFC-05,21726,43.7,163,FL,SacR,16.866,10.48
LFC4331,2011,SacJellyRamp,517.5,Upper Sacramento River,hatchery,late-fall,12/17/10 21:00,6.339299769,Ben.Dec,CALFED-LFC-05,21744,44.8,163,FL,SacR,16.866,10.48
LFC4385,2011,SacJellyRamp,517.5,Upper Sacramento River,hatchery,late-fall,12/17/10 21:00,7.551984954,Ben.Dec,CALFED-LFC-05,21802,45.1,163,FL,SacR,16.866,10.48
LFC4356,2011,SacJellyRamp,517.5,Upper Sacramento River,hatchery,late-fall,12/17/10 21:00,5.314988426,Chips,CALFED-LFC-05,21770,43.6,164,FL,SacR,16.866,10.48
LFC4346,2011,SacJellyRamp,517.5,Upper Sacramento River,hatchery,late-fall,12/17/10 21:00,19.99214699,Ben.Dec,CALFED-LFC-05,21760,45.9,165,FL,SacR,16.866,10.48
LFC4350,2011,SacJellyRamp,517.5,Upper Sacramento River,hatchery,late-fall,12/17/10 21:00,14.99752315,Chips,CALFED-LFC-05,21764,44.8,165,FL,CenDel,16.866,10.48
LFC4355,2011,SacJellyRamp,517.5,Upper Sacramento River,hatchery,late-fall,12/17/10 21:00,5.151400463,Chips,CALFED-LFC-05,21769,47.7,165,FL,SacR,16.866,10.48
LFC4381,2011,SacJellyRamp,517.5,Upper Sacramento River,hatchery,late-fall,12/17/10 21:00,8.118148148,Chips,CALFED-LFC-05,21797,50.7,165,FL,CenDel,16.866,10.48
LFC4317,2011,SacJellyRamp,517.5,Upper Sacramento River,hatchery,late-fall,12/17/10 21:00,5.645821759,Ben.Dec,CALFED-LFC-05,21729,50.6,166,FL,SacR,16.866,10.48
LFC4394,2011,SacJellyRamp,517.5,Upper Sacramento River,hatchery,late-fall,12/17/10 21:00,22.11763889,Chips,CALFED-LFC-05,21814,55,167,FL,SacR,16.866,10.48
LFC4406,2011,SacJellyRamp,517.5,Upper Sacramento River,hatchery,late-fall,12/17/10 21:00,7.116018519,Chips,CALFED-LFC-05,21827,48.3,167,FL,SacR,16.866,10.48
LFC4297,2011,SacJellyRamp,517.5,Upper Sacramento River,hatchery,late-fall,12/17/10 21:00,6.744241898,Ben.Dec,CALFED-LFC-05,21707,54.9,170,FL,SacR,16.866,10.48
LFC4352,2011,SacJellyRamp,517.5,Upper Sacramento River,hatchery,late-fall,12/17/10 21:00,5.094618056,Ben.Dec,CALFED-LFC-05,21766,46.8,172,FL,SacR,16.866,10.48
LFC4325,2011,SacJellyRamp,517.5,Upper Sacramento River,hatchery,late-fall,12/17/10 21:00,8.870868056,Ben.Dec,CALFED-LFC-05,21737,55.8,173,FL,SacR,16.866,10.48
LFC4458,2011,SacJellyRamp,517.5,Upper Sacramento River,hatchery,late-fall,1/5/11 19:50,17.18256944,Chips,CALFED-LFC-05,39393,29.9,143,FL,SacR,16.866,9.43
LFC4447,2011,SacJellyRamp,517.5,Upper Sacramento River,hatchery,late-fall,1/5/11 19:50,26.24119213,Chips,CALFED-LFC-05,39380,39.9,146,FL,"SacRSlough, CenDel",16.866,9.43
LFC4511,2011,SacJellyRamp,517.5,Upper Sacramento River,hatchery,late-fall,1/5/11 19:50,19.24086806,Chips,CALFED-LFC-05,39451,37,147,FL,SacR,16.866,9.43
LFC4508,2011,SacJellyRamp,517.5,Upper Sacramento River,hatchery,late-fall,1/5/11 19:50,25.01246528,Chips,CALFED-LFC-05,39448,35.9,149,FL,CenDel,16.866,9.43
LFC4464,2011,SacJellyRamp,517.5,Upper Sacramento River,hatchery,late-fall,1/5/11 19:50,19.14931713,Chips,CALFED-LFC-05,39399,38,150,FL,SacR,16.866,9.43
LFC4472,2011,SacJellyRamp,517.5,Upper Sacramento River,hatchery,late-fall,1/5/11 19:50,16.09563657,Chips,CALFED-LFC-05,39408,37,150,FL,SacR,16.866,9.43
LFC4480,2011,SacJellyRamp,517.5,Upper Sacramento River,hatchery,late-fall,1/5/11 19:50,24.01119213,Chips,CALFED-LFC-05,39416,38.3,150,FL,SacR,16.866,9.43
LFC4494,2011,SacJellyRamp,517.5,Upper Sacramento River,hatchery,late-fall,1/5/11 19:50,28.23711806,Chips,CALFED-LFC-05,39434,40,150,FL,SacRSlough,16.866,9.43
LFC4526,2011,SacJellyRamp,517.5,Upper Sacramento River,hatchery,late-fall,1/5/11 19:50,7.67244213,Chips,CALFED-LFC-05,39466,37.4,150,FL,SacRSlough,16.866,9.43
LFC4523,2011,SacJellyRamp,517.5,Upper Sacramento River,hatchery,late-fall,1/5/11 19:50,62.6851331,Ben.Dec,CALFED-LFC-05,39463,35,151,FL,SacRSlough,16.866,9.43
LFC4431,2011,SacJellyRamp,517.5,Upper Sacramento River,hatchery,late-fall,1/5/11 19:50,22.97043981,Chips,CALFED-LFC-05,21852,37.1,152,FL,SacR,16.866,9.43
LFC4504,2011,SacJellyRamp,517.5,Upper Sacramento River,hatchery,late-fall,1/5/11 19:50,25.06604167,Chips,CALFED-LFC-05,39444,37.5,152,FL,SacR,16.866,9.43
LFC4427,2011,SacJellyRamp,517.5,Upper Sacramento River,hatchery,late-fall,1/5/11 19:50,14.10568287,Chips,CALFED-LFC-05,21848,41.9,153,FL,SacR,16.866,9.43
LFC4531,2011,SacJellyRamp,517.5,Upper Sacramento River,hatchery,late-fall,1/5/11 19:50,15.10149306,Chips,CALFED-LFC-05,39473,40.2,153,FL,SacRSlough,16.866,9.43
LFC4497,2011,SacJellyRamp,517.5,Upper Sacramento River,hatchery,late-fall,1/5/11 19:50,18.15096065,Chips,CALFED-LFC-05,39437,38.5,154,FL,SacR,16.866,9.43
LFC4507,2011,SacJellyRamp,517.5,Upper Sacramento River,hatchery,late-fall,1/5/11 19:50,16.12799769,Chips,CALFED-LFC-05,39447,40,154,FL,SacR,16.866,9.43
LFC4533,2011,SacJellyRamp,517.5,Upper Sacramento River,hatchery,late-fall,1/5/11 19:50,48.44355324,Chips,CALFED-LFC-05,39475,39.6,154,FL,SacRSlough,16.866,9.43
LFC4536,2011,SacJellyRamp,517.5,Upper Sacramento River,hatchery,late-fall,1/5/11 19:50,17.76023148,Chips,CALFED-LFC-05,39478,39.9,154,FL,"SacRSlough, CenDel",16.866,9.43
LFC4451,2011,SacJellyRamp,517.5,Upper Sacramento River,hatchery,late-fall,1/5/11 19:50,45.08284722,Chips,CALFED-LFC-05,39384,40.4,155,FL,SacR,16.866,9.43
LFC4491,2011,SacJellyRamp,517.5,Upper Sacramento River,hatchery,late-fall,1/5/11 19:50,9.919739583,Ben.Dec,CALFED-LFC-05,39430,41.5,155,FL,SacR,16.866,9.43
LFC4521,2011,SacJellyRamp,517.5,Upper Sacramento River,hatchery,late-fall,1/5/11 19:50,25.21002315,Chips,CALFED-LFC-05,39461,44,155,FL,CenDel,16.866,9.43
LFC4496,2011,SacJellyRamp,517.5,Upper Sacramento River,hatchery,late-fall,1/5/11 19:50,48.7425,Chips,CALFED-LFC-05,39436,40.6,156,FL,SacR,16.866,9.43
LFC4436,2011,SacJellyRamp,517.5,Upper Sacramento River,hatchery,late-fall,1/5/11 19:50,38.84474537,Chips,CALFED-LFC-05,21857,46.4,158,FL,SacR,16.866,9.43
LFC4442,2011,SacJellyRamp,517.5,Upper Sacramento River,hatchery,late-fall,1/5/11 19:50,20.24321759,Chips,CALFED-LFC-05,21864,43,158,FL,SacRSlough,16.866,9.43
LFC4456,2011,SacJellyRamp,517.5,Upper Sacramento River,hatchery,late-fall,1/5/11 19:50,17.12849537,Chips,CALFED-LFC-05,39391,43.2,158,FL,SacR,16.866,9.43
LFC4528,2011,SacJellyRamp,517.5,Upper Sacramento River,hatchery,late-fall,1/5/11 19:50,7.844328704,Chips,CALFED-LFC-05,39468,37.3,158,FL,SacR,16.866,9.43
LFC4417,2011,SacJellyRamp,517.5,Upper Sacramento River,hatchery,late-fall,1/5/11 19:50,24.01431713,Chips,CALFED-LFC-05,21838,43.4,159,FL,SacR,16.866,9.43
LFC4421,2011,SacJellyRamp,517.5,Upper Sacramento River,hatchery,late-fall,1/5/11 19:50,16.67453704,Chips,CALFED-LFC-05,21842,45.8,159,FL,SacR,16.866,9.43
LFC4493,2011,SacJellyRamp,517.5,Upper Sacramento River,hatchery,late-fall,1/5/11 19:50,19.23903935,Chips,CALFED-LFC-05,39432,42.8,159,FL,CenDel,16.866,9.43
LFC4455,2011,SacJellyRamp,517.5,Upper Sacramento River,hatchery,late-fall,1/5/11 19:50,9.169583333,Chips,CALFED-LFC-05,39389,39.7,160,FL,SacR,16.866,9.43
LFC4476,2011,SacJellyRamp,517.5,Upper Sacramento River,hatchery,late-fall,1/5/11 19:50,18.90516204,Chips,CALFED-LFC-05,39412,44.4,160,FL,SacR,16.866,9.43
LFC4532,2011,SacJellyRamp,517.5,Upper Sacramento River,hatchery,late-fall,1/5/11 19:50,9.014791667,Chips,CALFED-LFC-05,39474,44,160,FL,SacR,16.866,9.43
LFC4426,2011,SacJellyRamp,517.5,Upper Sacramento River,hatchery,late-fall,1/5/11 19:50,16.17913194,Chips,CALFED-LFC-05,21847,47.4,162,FL,SacRSlough,16.866,9.43
LFC4439,2011,SacJellyRamp,517.5,Upper Sacramento River,hatchery,late-fall,1/5/11 19:50,10.91626157,Chips,CALFED-LFC-05,21861,43.6,162,FL,SacR,16.866,9.43
LFC4435,2011,SacJellyRamp,517.5,Upper Sacramento River,hatchery,late-fall,1/5/11 19:50,13.7481713,Chips,CALFED-LFC-05,21856,42.6,163,FL,SacR,16.866,9.43
LFC4459,2011,SacJellyRamp,517.5,Upper Sacramento River,hatchery,late-fall,1/5/11 19:50,18.17821759,Chips,CALFED-LFC-05,39394,47,163,FL,SacRSlough,16.866,9.43
LFC4481,2011,SacJellyRamp,517.5,Upper Sacramento River,hatchery,late-fall,1/5/11 19:50,15.3768287,Chips,CALFED-LFC-05,39417,49.5,163,FL,SacR,16.866,9.43
LFC4501,2011,SacJellyRamp,517.5,Upper Sacramento River,hatchery,late-fall,1/5/11 19:50,10.00791667,Chips,CALFED-LFC-05,39441,46.3,163,FL,SacR,16.866,9.43
LFC4512,2011,SacJellyRamp,517.5,Upper Sacramento River,hatchery,late-fall,1/5/11 19:50,31.12471065,Chips,CALFED-LFC-05,39452,46.5,163,FL,SacR,16.866,9.43
LFC4420,2011,SacJellyRamp,517.5,Upper Sacramento River,hatchery,late-fall,1/5/11 19:50,11.04081019,Chips,CALFED-LFC-05,21841,51.1,164,FL,SacR,16.866,9.43
LFC4499,2011,SacJellyRamp,517.5,Upper Sacramento River,hatchery,late-fall,1/5/11 19:50,14.59292824,Chips,CALFED-LFC-05,39439,46.5,164,FL,SacR,16.866,9.43
LFC4470,2011,SacJellyRamp,517.5,Upper Sacramento River,hatchery,late-fall,1/5/11 19:50,9.099652778,Chips,CALFED-LFC-05,39406,49.5,165,FL,SacR,16.866,9.43
LFC4424,2011,SacJellyRamp,517.5,Upper Sacramento River,hatchery,late-fall,1/5/11 19:50,14.15658565,Chips,CALFED-LFC-05,21845,49.7,166,FL,SacR,16.866,9.43
LFC4474,2011,SacJellyRamp,517.5,Upper Sacramento River,hatchery,late-fall,1/5/11 19:50,14.14508102,Chips,CALFED-LFC-05,39410,50.5,166,FL,SacR,16.866,9.43
LFC4492,2011,SacJellyRamp,517.5,Upper Sacramento River,hatchery,late-fall,1/5/11 19:50,24.22996528,Chips,CALFED-LFC-05,39431,52.2,166,FL,SacR,16.866,9.43
LFC4430,2011,SacJellyRamp,517.5,Upper Sacramento River,hatchery,late-fall,1/5/11 19:50,10.99943287,Chips,CALFED-LFC-05,21851,51.3,167,FL,SacR,16.866,9.43
LFC4438,2011,SacJellyRamp,517.5,Upper Sacramento River,hatchery,late-fall,1/5/11 19:50,10.59788194,Chips,CALFED-LFC-05,21859,49.5,167,FL,CenDel,16.866,9.43
LFC4441,2011,SacJellyRamp,517.5,Upper Sacramento River,hatchery,late-fall,1/5/11 19:50,8.929351852,Chips,CALFED-LFC-05,21863,49.5,167,FL,SacR,16.866,9.43
LFC4445,2011,SacJellyRamp,517.5,Upper Sacramento River,hatchery,late-fall,1/5/11 19:50,16.18467593,Chips,CALFED-LFC-05,21868,50.7,167,FL,"SacRSlough, CenDel",16.866,9.43
LFC4446,2011,SacJellyRamp,517.5,Upper Sacramento River,hatchery,late-fall,1/5/11 19:50,16.99130787,Chips,CALFED-LFC-05,21869,52.1,167,FL,SacR,16.866,9.43
LFC4450,2011,SacJellyRamp,517.5,Upper Sacramento River,hatchery,late-fall,1/5/11 19:50,56.81109954,Chips,CALFED-LFC-05,39383,49,167,FL,SacR,16.866,9.43
LFC4419,2011,SacJellyRamp,517.5,Upper Sacramento River,hatchery,late-fall,1/5/11 19:50,18.70644676,Chips,CALFED-LFC-05,21840,60.1,173,FL,SacR,16.866,9.43
LFC4429,2011,SacJellyRamp,517.5,Upper Sacramento River,hatchery,late-fall,1/5/11 19:50,61.17475694,Chips,CALFED-LFC-05,21850,49.3,173,FL,SacRSlough,16.866,9.43
LFC4460,2011,SacJellyRamp,517.5,Upper Sacramento River,hatchery,late-fall,1/5/11 19:50,9.044756944,Chips,CALFED-LFC-05,39395,57.5,173,FL,SacR,16.866,9.43