"","FishID","TagID","Date_Released","travel_time","wateryear","Run","relRkm","Release_Group","Route"
"1","YBUS160001",36186,"2/21/2016 5:33",6.55150463,2016,"Late-fall",222.05585,"Middle Sacramento River","SacRiver"
"2","YBUS160002",36341,"2/21/2016 5:33",5.522453704,2016,"Late-fall",222.05585,"Middle Sacramento River","SacRiver"
"3","YBUS160003",36344,"2/21/2016 5:33",7.437268519,2016,"Late-fall",222.05585,"Middle Sacramento River","SacRiver"
"4","YBUS160004",36345,"2/21/2016 5:33",7.570625,2016,"Late-fall",222.05585,"Middle Sacramento River","SacRiver"
"5","YBUS160005",36347,"2/21/2016 5:33",5.573958333,2016,"Late-fall",222.05585,"Middle Sacramento River","SacRiver"
"6","YBUS160006",36354,"2/21/2016 5:38",7.565104167,2016,"Late-fall",222.05585,"Middle Sacramento River","SacRS"
"7","YBUS160007",36355,"2/21/2016 5:38",9.554189815,2016,"Late-fall",222.05585,"Middle Sacramento River","SacRiver"
"8","YBUS160008",36358,"2/21/2016 5:38",5.542372685,2016,"Late-fall",222.05585,"Middle Sacramento River","SacRiver"
"9","YBUS160009",36364,"2/21/2016 16:54",6.938136574,2016,"Late-fall",222.05585,"Middle Sacramento River","SacRiver"
"10","YBUS160010",36367,"2/21/2016 16:54",19.47418981,2016,"Late-fall",222.05585,"Middle Sacramento River","SacRiver"
"11","YBUS160011",36371,"2/21/2016 17:02",9.2171875,2016,"Late-fall",222.05585,"Middle Sacramento River","Yolo_Bypass"
"12","YBUS160012",36374,"2/21/2016 17:02",7.077418981,2016,"Late-fall",222.05585,"Middle Sacramento River","SacRiver"
"13","YBUS160013",36380,"2/21/2016 17:02",6.494143519,2016,"Late-fall",222.05585,"Middle Sacramento River","SacRiver"
"14","YBUS160014",36384,"2/21/2016 5:33",4.888356481,2016,"Late-fall",222.05585,"Middle Sacramento River","SacRS"
"15","YBUS160015",36387,"2/21/2016 5:33",5.193923611,2016,"Late-fall",222.05585,"Middle Sacramento River","Yolo_Bypass"
"16","YBUS160016",36390,"2/21/2016 5:38",6.47212963,2016,"Late-fall",222.05585,"Middle Sacramento River","SacRiver"
"17","YBUS160017",36393,"2/21/2016 5:38",8.566979167,2016,"Late-fall",222.05585,"Middle Sacramento River","SacRS"
"18","YBUS160018",36394,"2/21/2016 5:38",5.966793981,2016,"Late-fall",222.05585,"Middle Sacramento River","SacRiver"
"19","YBUS160019",36396,"2/21/2016 5:38",8.669710648,2016,"Late-fall",222.05585,"Middle Sacramento River","SacRiver"
"20","YBUS160020",36397,"2/21/2016 5:38",5.488206019,2016,"Late-fall",222.05585,"Middle Sacramento River","SacRiver"
"21","YBUS160021",36403,"3/6/2016 14:39",3.545671296,2016,"Late-fall",222.05585,"Middle Sacramento River","SacRiver"
"22","YBUS160022",36405,"3/11/2016 4:02",9.983900463,2016,"Late-fall",222.05585,"Middle Sacramento River","SacRiver"
"23","YBUS160023",36409,"2/21/2016 16:54",5.99275463,2016,"Late-fall",222.05585,"Middle Sacramento River","SacRiver"
"24","YBUS160024",36412,"2/21/2016 16:54",6.503009259,2016,"Late-fall",222.05585,"Middle Sacramento River","Yolo_Bypass"
"25","YBUS160025",36416,"2/21/2016 17:02",6.041111111,2016,"Late-fall",222.05585,"Middle Sacramento River","Yolo_Bypass"
"26","YBUS160026",36420,"2/21/2016 17:02",17.91234954,2016,"Late-fall",222.05585,"Middle Sacramento River","SacRiver"
"27","YBUS160027",36423,"2/21/2016 17:02",4.474618056,2016,"Late-fall",222.05585,"Middle Sacramento River","SacRS"
"28","YBUS160028",36425,"2/21/2016 23:00",17.68454861,2016,"Late-fall",222.05585,"Middle Sacramento River","SacRiver"
"29","YBUS160029",36433,"2/21/2016 23:07",17.10424769,2016,"Late-fall",222.05585,"Middle Sacramento River","SacRiver"
"30","YBUS160030",36444,"2/21/2016 10:49",7.849513889,2016,"Late-fall",222.05585,"Middle Sacramento River","SacRS"
"31","YBUS160031",36447,"2/21/2016 10:39",24.77622685,2016,"Late-fall",222.05585,"Middle Sacramento River","cendel"
"32","YBUS160032",36448,"2/21/2016 10:39",8.354212963,2016,"Late-fall",222.05585,"Middle Sacramento River","SacRS"
"33","YBUS160033",36451,"2/21/2016 10:39",9.403680556,2016,"Late-fall",222.05585,"Middle Sacramento River","Yolo_Bypass"
"34","YBUS160034",36454,"2/21/2016 10:39",6.777800926,2016,"Late-fall",222.05585,"Middle Sacramento River","SacRiver"
"35","YBUS160035",36459,"2/21/2016 23:07",14.63539352,2016,"Late-fall",222.05585,"Middle Sacramento River","SacRiver"
"36","YBUS160036",36465,"2/21/2016 23:00",16.19188657,2016,"Late-fall",222.05585,"Middle Sacramento River","SacRiver"
"37","YBUS160037",36467,"2/21/2016 23:00",5.910486111,2016,"Late-fall",222.05585,"Middle Sacramento River","SacRS"
"38","YBUS160038",36474,"2/21/2016 10:46",7.880972222,2016,"Late-fall",222.05585,"Middle Sacramento River","SacRiver"
"39","YBUS160039",36479,"3/16/2016 1:59",5.510601852,2016,"Late-fall",222.05585,"Middle Sacramento River","Yolo_Bypass"
"40","YBUS160040",36481,"2/21/2016 10:46",6.362175926,2016,"Late-fall",222.05585,"Middle Sacramento River","SacRS"
"41","YBUS160041",36482,"2/21/2016 10:46",14.48115741,2016,"Late-fall",222.05585,"Middle Sacramento River","Yolo_Bypass"
"42","YBUS160042",36486,"2/21/2016 10:39",9.500636574,2016,"Late-fall",222.05585,"Middle Sacramento River","Yolo_Bypass"
"43","YBUS160043",36490,"3/16/2016 6:25",2.657824074,2016,"Late-fall",177.15859,"Middle Sacramento River","SacRiver"
"44","YBUS160044",36491,"2/21/2016 10:39",8.391736111,2016,"Late-fall",222.05585,"Middle Sacramento River","SacRiver"
"45","YBUS160045",36493,"3/16/2016 15:48",3.86849537,2016,"Late-fall",177.15859,"Tidal Delta","Yolo_Bypass"
"46","YBUS160046",36497,"2/21/2016 5:36",7.623796296,2016,"Late-fall",222.05585,"Middle Sacramento River","SacRiver"
"47","YBUS160047",36500,"3/18/2016 6:18",1.877916667,2016,"Late-fall",177.15859,"Middle Sacramento River","SacRiver"
"48","YBUS160048",36503,"2/21/2016 5:36",7.649513889,2016,"Late-fall",222.05585,"Middle Sacramento River","SacRiver"
"49","YBUS160049",36504,"2/21/2016 5:30",9.16462963,2016,"Late-fall",222.05585,"Middle Sacramento River","SacRS"
"50","YBUS160050",36505,"2/21/2016 5:30",7.00693287,2016,"Late-fall",222.05585,"Middle Sacramento River","SacRiver"
"51","YBUS160051",36506,"2/21/2016 5:30",19.80318287,2016,"Late-fall",222.05585,"Middle Sacramento River","SacRiver"
"52","YBUS160052",36515,"2/21/2016 16:58",7.140023148,2016,"Late-fall",222.05585,"Middle Sacramento River","SacRiver"
"53","YBUS160053",36522,"3/11/2016 0:07",4.305972222,2016,"Late-fall",222.05585,"Middle Sacramento River","SacRiver"
"54","YBUS160054",36526,"2/21/2016 17:06",8.049143519,2016,"Late-fall",222.05585,"Middle Sacramento River","SacRiver"
"55","YBUS160055",36532,"2/21/2016 17:06",16.37543981,2016,"Late-fall",222.05585,"Middle Sacramento River","SacRiver"
"56","YBUS160056",36534,"2/21/2016 17:06",9.265266204,2016,"Late-fall",222.05585,"Middle Sacramento River","SacRiver"
"57","YBUS160057",36535,"3/15/2016 18:00",3.331099537,2016,"Late-fall",222.05585,"Middle Sacramento River","Yolo_Bypass"
"58","YBUS160058",36537,"2/21/2016 10:43",6.249409722,2016,"Late-fall",222.05585,"Middle Sacramento River","SacRiver"
"59","YBUS160059",36585,"2/21/2016 10:43",8.323194444,2016,"Late-fall",222.05585,"Middle Sacramento River","SacRiver"
"60","YBUS160060",36588,"2/21/2016 10:43",5.707060185,2016,"Late-fall",222.05585,"Middle Sacramento River","SacRS"
"61","YBUS160061",36590,"2/21/2016 10:46",18.15055556,2016,"Late-fall",222.05585,"Middle Sacramento River","SacRiver"
"62","YBUS160062",36591,"3/16/2016 10:00",2.655416667,2016,"Late-fall",222.05585,"Middle Sacramento River","SacRiver"
"63","YBUS160063",36595,"2/21/2016 10:46",5.737314815,2016,"Late-fall",222.05585,"Middle Sacramento River","SacRS"
"64","YBUS160064",36597,"2/21/2016 10:46",19.73252315,2016,"Late-fall",222.05585,"Middle Sacramento River","SacRiver"
"65","YBUS160065",36598,"2/21/2016 16:58",6.142939815,2016,"Late-fall",222.05585,"Middle Sacramento River","SacRiver"
"66","YBUS160066",36601,"2/21/2016 16:58",9.086377315,2016,"Late-fall",222.05585,"Middle Sacramento River","SacRS"
"67","YBUS160067",36602,"2/21/2016 16:58",5.437627315,2016,"Late-fall",222.05585,"Middle Sacramento River","Yolo_Bypass"
"68","YBUS160068",36604,"2/21/2016 16:58",7.60400463,2016,"Late-fall",222.05585,"Middle Sacramento River","Yolo_Bypass"
"69","YBUS160069",36608,"2/21/2016 17:06",6.563310185,2016,"Late-fall",222.05585,"Middle Sacramento River","cendel"
"70","YBUS160070",36614,"2/21/2016 23:11",5.262893519,2016,"Late-fall",222.05585,"Middle Sacramento River","SacRiver"
"71","YBUS160071",36618,"2/21/2016 23:11",6.29505787,2016,"Late-fall",222.05585,"Middle Sacramento River","Yolo_Bypass"
"72","YBUS160072",36620,"3/16/2016 6:25",2.227372685,2016,"Late-fall",177.15859,"Middle Sacramento River","SacRiver"
"73","YBUS160073",36621,"2/21/2016 23:11",9.928715278,2016,"Late-fall",222.05585,"Middle Sacramento River","SacRiver"
"74","YBUS160074",36623,"2/21/2016 23:07",6.766921296,2016,"Late-fall",222.05585,"Middle Sacramento River","SacRiver"
"75","YBUS160075",36625,"3/18/2016 2:00",7.328217593,2016,"Late-fall",222.05585,"Middle Sacramento River","SacRiver"
"76","YBUS160076",36627,"3/18/2016 9:59",3.679224537,2016,"Late-fall",222.05585,"Middle Sacramento River","SacRiver"
"77","YBUS160077",36630,"2/21/2016 23:04",10.0112963,2016,"Late-fall",222.05585,"Middle Sacramento River","SacRiver"
"78","YBUS160078",36632,"2/21/2016 23:04",8.856770833,2016,"Late-fall",222.05585,"Middle Sacramento River","SacRiver"
"79","YBUS160079",36633,"2/21/2016 23:04",6.266122685,2016,"Late-fall",222.05585,"Middle Sacramento River","SacRiver"
"80","YBUS160080",36634,"2/21/2016 5:30",8.50400463,2016,"Late-fall",222.05585,"Middle Sacramento River","cendel"
"81","YBUS160081",36638,"2/21/2016 5:30",6.952696759,2016,"Late-fall",222.05585,"Middle Sacramento River","SacRiver"
"82","YBUS160082",36640,"2/21/2016 5:30",8.67625,2016,"Late-fall",222.05585,"Middle Sacramento River","cendel"
"83","YBUS160083",36641,"2/21/2016 5:30",4.87537037,2016,"Late-fall",222.05585,"Middle Sacramento River","SacRiver"
"84","YBUS160084",36642,"2/21/2016 5:30",6.526828704,2016,"Late-fall",222.05585,"Middle Sacramento River","SacRiver"
"85","YBUS160085",36643,"3/18/2016 7:13",3.793321759,2016,"Late-fall",177.15859,"Tidal Delta","Yolo_Bypass"
"86","YBUS160086",36646,"2/21/2016 5:36",6.538020833,2016,"Late-fall",222.05585,"Middle Sacramento River","Yolo_Bypass"
"87","YBUS160087",36648,"2/21/2016 5:36",8.5884375,2016,"Late-fall",222.05585,"Middle Sacramento River","SacRiver"
"88","YBUS160088",36651,"2/21/2016 5:36",7.559525463,2016,"Late-fall",222.05585,"Middle Sacramento River","SacRiver"
"89","YBUS160089",36652,"2/21/2016 23:11",5.211585648,2016,"Late-fall",222.05585,"Middle Sacramento River","SacRiver"
"90","YBUS160090",36653,"2/21/2016 23:11",5.235787037,2016,"Late-fall",222.05585,"Middle Sacramento River","SacRiver"
"91","YBUS160091",36654,"2/21/2016 23:11",7.886782407,2016,"Late-fall",222.05585,"Middle Sacramento River","SacRiver"
"92","YBUS160092",36656,"2/21/2016 23:11",5.663773148,2016,"Late-fall",222.05585,"Middle Sacramento River","SacRiver"
"93","YBUS160093",36660,"2/21/2016 23:11",7.245219907,2016,"Late-fall",222.05585,"Middle Sacramento River","cendel"
"94","YBUS160094",36664,"2/21/2016 23:04",5.240798611,2016,"Late-fall",222.05585,"Middle Sacramento River","SacRiver"
"95","YBUS160095",36665,"2/21/2016 23:04",18.6725463,2016,"Late-fall",222.05585,"Middle Sacramento River","SacRS"
"96","YBUS160096",36739,"2/21/2016 10:43",14.60987269,2016,"Late-fall",222.05585,"Middle Sacramento River","SacRiver"
"97","YBUS160097",36740,"2/21/2016 10:43",10.48155093,2016,"Late-fall",222.05585,"Middle Sacramento River","SacRiver"
"98","YBUS160098",38782,"3/6/2016 3:01",6.033703704,2016,"Late-fall",222.05585,"Middle Sacramento River","SacRS"
"99","YBUS160099",38783,"3/6/2016 3:01",6.080092593,2016,"Late-fall",222.05585,"Middle Sacramento River","Yolo_Bypass"
"100","YBUS160100",38784,"3/6/2016 3:01",11.28771991,2016,"Late-fall",222.05585,"Middle Sacramento River","Yolo_Bypass"
"101","YBUS160101",38788,"3/6/2016 3:01",12.98625,2016,"Late-fall",222.05585,"Middle Sacramento River","SacRiver"
"102","YBUS160102",38789,"3/6/2016 3:01",6.081944444,2016,"Late-fall",222.05585,"Middle Sacramento River","SacRS"
"103","YBUS160103",38791,"3/6/2016 3:01",6.016053241,2016,"Late-fall",222.05585,"Middle Sacramento River","SacRiver"
"104","YBUS160104",38792,"3/6/2016 3:01",6.052071759,2016,"Late-fall",222.05585,"Middle Sacramento River","SacRiver"
"105","YBUS160105",38793,"3/6/2016 3:01",7.633148148,2016,"Late-fall",222.05585,"Middle Sacramento River","SacRiver"
"106","YBUS160106",38795,"3/6/2016 3:11",6.031516204,2016,"Late-fall",222.05585,"Middle Sacramento River","SacRiver"
"107","YBUS160107",38796,"3/6/2016 3:11",5.527407407,2016,"Late-fall",222.05585,"Middle Sacramento River","SacRiver"
"108","YBUS160108",38798,"3/6/2016 3:11",6.07068287,2016,"Late-fall",222.05585,"Middle Sacramento River","SacRiver"
"109","YBUS160109",38799,"3/6/2016 3:11",8.219664352,2016,"Late-fall",222.05585,"Middle Sacramento River","Yolo_Bypass"
"110","YBUS160110",38815,"3/6/2016 3:11",6.076053241,2016,"Late-fall",222.05585,"Middle Sacramento River","SacRiver"
"111","YBUS160111",38823,"3/6/2016 3:11",5.530659722,2016,"Late-fall",222.05585,"Middle Sacramento River","SacRiver"
"112","YBUS160112",38824,"3/6/2016 3:11",6.609652778,2016,"Late-fall",222.05585,"Middle Sacramento River","SacRS"
"113","YBUS160113",38826,"3/6/2016 3:11",6.008634259,2016,"Late-fall",222.05585,"Middle Sacramento River","SacRiver"
"114","YBUS160114",38828,"3/6/2016 8:46",5.836921296,2016,"Late-fall",222.05585,"Middle Sacramento River","SacRS"
"115","YBUS160115",38829,"3/6/2016 8:46",6.587685185,2016,"Late-fall",222.05585,"Middle Sacramento River","Yolo_Bypass"
"116","YBUS160116",38831,"3/6/2016 8:46",4.892430556,2016,"Late-fall",222.05585,"Middle Sacramento River","SacRiver"
"117","YBUS160117",38835,"3/6/2016 8:46",11.00542824,2016,"Late-fall",222.05585,"Middle Sacramento River","cendel"
"118","YBUS160118",38836,"3/6/2016 8:46",8.599270833,2016,"Late-fall",222.05585,"Middle Sacramento River","cendel"
"119","YBUS160119",38837,"3/6/2016 8:46",7.314340278,2016,"Late-fall",222.05585,"Middle Sacramento River","Yolo_Bypass"
"120","YBUS160120",38841,"3/6/2016 8:46",9.026319444,2016,"Late-fall",222.05585,"Middle Sacramento River","cendel"
"121","YBUS160121",38848,"3/6/2016 8:55",5.826388889,2016,"Late-fall",222.05585,"Middle Sacramento River","SacRiver"
"122","YBUS160122",38850,"3/6/2016 8:55",4.752118056,2016,"Late-fall",222.05585,"Middle Sacramento River","SacRiver"
"123","YBUS160123",38852,"3/6/2016 8:55",4.537384259,2016,"Late-fall",222.05585,"Middle Sacramento River","SacRS"
"124","YBUS160124",38854,"3/6/2016 8:55",6.816828704,2016,"Late-fall",222.05585,"Middle Sacramento River","SacRiver"
"125","YBUS160125",38856,"3/6/2016 8:55",6.233993056,2016,"Late-fall",222.05585,"Middle Sacramento River","SacRiver"
"126","YBUS160126",38857,"3/6/2016 8:55",11.13450231,2016,"Late-fall",222.05585,"Middle Sacramento River","SacRiver"
"127","YBUS160127",38858,"3/6/2016 14:33",5.551180556,2016,"Late-fall",222.05585,"Middle Sacramento River","SacRiver"
"128","YBUS160128",38859,"3/6/2016 14:33",6.108738426,2016,"Late-fall",222.05585,"Middle Sacramento River","SacRiver"
"129","YBUS160129",38860,"3/6/2016 14:33",13.36045139,2016,"Late-fall",222.05585,"Middle Sacramento River","SacRiver"
"130","YBUS160130",38861,"3/6/2016 14:33",5.657372685,2016,"Late-fall",222.05585,"Middle Sacramento River","SacRiver"
"131","YBUS160131",38864,"3/6/2016 14:33",6.640115741,2016,"Late-fall",222.05585,"Middle Sacramento River","SacRiver"
"132","YBUS160132",38867,"3/6/2016 14:33",6.94931713,2016,"Late-fall",222.05585,"Middle Sacramento River","Yolo_Bypass"
"133","YBUS160133",38869,"3/6/2016 14:33",5.597986111,2016,"Late-fall",222.05585,"Middle Sacramento River","SacRiver"
"134","YBUS160134",38871,"3/6/2016 14:33",13.349375,2016,"Late-fall",222.05585,"Middle Sacramento River","SacRiver"
"135","YBUS160135",38872,"3/6/2016 14:33",5.568020833,2016,"Late-fall",222.05585,"Middle Sacramento River","SacRiver"
"136","YBUS160136",38874,"3/6/2016 14:39",4.558668981,2016,"Late-fall",222.05585,"Middle Sacramento River","SacRiver"
"137","YBUS160137",38875,"3/6/2016 14:39",5.074305556,2016,"Late-fall",222.05585,"Middle Sacramento River","SacRS"
"138","YBUS160138",38876,"3/6/2016 14:39",8.295578704,2016,"Late-fall",222.05585,"Middle Sacramento River","cendel"
"139","YBUS160139",38880,"3/6/2016 14:39",10.20211806,2016,"Late-fall",222.05585,"Middle Sacramento River","cendel"
"140","YBUS160140",38882,"3/6/2016 14:39",7.730162037,2016,"Late-fall",222.05585,"Middle Sacramento River","Yolo_Bypass"
"141","YBUS160141",38884,"3/6/2016 14:39",4.840833333,2016,"Late-fall",222.05585,"Middle Sacramento River","SacRiver"
"142","YBUS160142",38889,"3/6/2016 14:39",8.064907407,2016,"Late-fall",222.05585,"Middle Sacramento River","Yolo_Bypass"
"143","YBUS160143",38890,"3/6/2016 14:39",7.083622685,2016,"Late-fall",222.05585,"Middle Sacramento River","SacRiver"
"144","YBUS160144",38892,"3/6/2016 21:00",5.290625,2016,"Late-fall",222.05585,"Middle Sacramento River","SacRiver"
"145","YBUS160145",38899,"3/6/2016 21:00",6.903043981,2016,"Late-fall",222.05585,"Middle Sacramento River","Yolo_Bypass"
"146","YBUS160146",38901,"3/6/2016 21:00",8.030092593,2016,"Late-fall",222.05585,"Middle Sacramento River","cendel"
"147","YBUS160147",38903,"3/6/2016 21:00",5.244895833,2016,"Late-fall",222.05585,"Middle Sacramento River","SacRiver"
"148","YBUS160148",38904,"3/6/2016 21:00",3.236041667,2016,"Late-fall",222.05585,"Middle Sacramento River","SacRiver"
"149","YBUS160149",38905,"3/6/2016 21:00",26.96384259,2016,"Late-fall",222.05585,"Middle Sacramento River","cendel"
"150","YBUS160150",38907,"3/6/2016 21:00",6.189965278,2016,"Late-fall",222.05585,"Middle Sacramento River","SacRS"
"151","YBUS160151",38909,"3/6/2016 21:08",5.273738426,2016,"Late-fall",222.05585,"Middle Sacramento River","SacRiver"
"152","YBUS160152",38914,"3/6/2016 21:08",4.003564815,2016,"Late-fall",222.05585,"Middle Sacramento River","SacRiver"
"153","YBUS160153",38916,"3/6/2016 21:08",7.813171296,2016,"Late-fall",222.05585,"Middle Sacramento River","SacRiver"
"154","YBUS160154",38918,"3/6/2016 21:08",3.361296296,2016,"Late-fall",222.05585,"Middle Sacramento River","SacRiver"
"155","YBUS160155",38926,"3/11/2016 0:03",3.799421296,2016,"Late-fall",222.05585,"Middle Sacramento River","SacRiver"
"156","YBUS160156",38928,"3/11/2016 0:03",5.839976852,2016,"Late-fall",222.05585,"Middle Sacramento River","cendel"
"157","YBUS160157",38929,"3/11/2016 0:03",16.80010417,2016,"Late-fall",222.05585,"Middle Sacramento River","cendel"
"158","YBUS160158",38930,"3/11/2016 0:13",5.627337963,2016,"Late-fall",222.05585,"Middle Sacramento River","SacRiver"
"159","YBUS160159",38933,"3/11/2016 0:09",3.792581019,2016,"Late-fall",222.05585,"Middle Sacramento River","SacRiver"
"160","YBUS160160",38936,"3/11/2016 4:02",6.50150463,2016,"Late-fall",222.05585,"Middle Sacramento River","SacRiver"
"161","YBUS160161",38937,"3/11/2016 4:02",9.896238426,2016,"Late-fall",222.05585,"Middle Sacramento River","Yolo_Bypass"
"162","YBUS160162",38938,"3/11/2016 4:02",3.107662037,2016,"Late-fall",222.05585,"Middle Sacramento River","SacRS"
"163","YBUS160163",38939,"3/11/2016 4:02",3.569097222,2016,"Late-fall",222.05585,"Middle Sacramento River","Yolo_Bypass"
"164","YBUS160164",38940,"3/11/2016 4:02",3.667395833,2016,"Late-fall",222.05585,"Middle Sacramento River","SacRiver"
"165","YBUS160165",38942,"3/11/2016 4:09",6.291828704,2016,"Late-fall",222.05585,"Middle Sacramento River","SacRiver"
"166","YBUS160166",38943,"3/11/2016 4:09",6.721284722,2016,"Late-fall",222.05585,"Middle Sacramento River","cendel"
"167","YBUS160167",38945,"3/11/2016 4:09",5.213310185,2016,"Late-fall",222.05585,"Middle Sacramento River","SacRiver"
"168","YBUS160168",38946,"3/11/2016 7:55",3.404675926,2016,"Late-fall",222.05585,"Middle Sacramento River","SacRiver"
"169","YBUS160169",38953,"3/11/2016 8:02",3.365127315,2016,"Late-fall",222.05585,"Middle Sacramento River","SacRiver"
"170","YBUS160170",38956,"3/11/2016 14:06",4.172905093,2016,"Late-fall",163.23416,"Tidal Delta","Yolo_Bypass"
"171","YBUS160171",38957,"3/11/2016 14:06",6.341574074,2016,"Late-fall",163.23416,"Tidal Delta","Yolo_Bypass"
"172","YBUS160172",38958,"3/11/2016 14:06",4.187002315,2016,"Late-fall",163.23416,"Tidal Delta","Yolo_Bypass"
"173","YBUS160173",38960,"3/11/2016 14:12",3.218263889,2016,"Late-fall",163.23416,"Tidal Delta","Yolo_Bypass"
"174","YBUS160174",38963,"3/11/2016 14:12",6.137361111,2016,"Late-fall",163.23416,"Tidal Delta","Yolo_Bypass"
"175","YBUS160175",38964,"3/11/2016 14:12",3.32880787,2016,"Late-fall",163.23416,"Tidal Delta","Yolo_Bypass"
"176","YBUS160176",38965,"3/11/2016 14:12",15.54457176,2016,"Late-fall",163.23416,"Tidal Delta","Yolo_Bypass"
"177","YBUS160177",38967,"3/11/2016 0:03",3.734189815,2016,"Late-fall",222.05585,"Middle Sacramento River","SacRiver"
"178","YBUS160178",38968,"3/11/2016 0:03",4.763564815,2016,"Late-fall",222.05585,"Middle Sacramento River","SacRiver"
"179","YBUS160179",38969,"3/11/2016 0:03",6.40255787,2016,"Late-fall",222.05585,"Middle Sacramento River","SacRiver"
"180","YBUS160180",38972,"3/11/2016 0:03",3.244178241,2016,"Late-fall",222.05585,"Middle Sacramento River","SacRS"
"181","YBUS160181",38974,"3/11/2016 0:09",3.6990625,2016,"Late-fall",222.05585,"Middle Sacramento River","SacRiver"
"182","YBUS160182",38975,"3/11/2016 0:09",3.743668981,2016,"Late-fall",222.05585,"Middle Sacramento River","SacRiver"
"183","YBUS160183",38978,"3/11/2016 0:09",9.36775463,2016,"Late-fall",222.05585,"Middle Sacramento River","SacRS"
"184","YBUS160184",38979,"3/11/2016 4:11",3.676689815,2016,"Late-fall",222.05585,"Middle Sacramento River","SacRiver"
"185","YBUS160185",38980,"3/11/2016 4:05",3.601446759,2016,"Late-fall",222.05585,"Middle Sacramento River","SacRiver"
"186","YBUS160186",38981,"3/11/2016 4:05",3.721712963,2016,"Late-fall",222.05585,"Middle Sacramento River","SacRiver"
"187","YBUS160187",38982,"3/11/2016 4:05",4.701331019,2016,"Late-fall",222.05585,"Middle Sacramento River","SacRiver"
"188","YBUS160188",38984,"3/11/2016 4:05",3.711354167,2016,"Late-fall",222.05585,"Middle Sacramento River","Yolo_Bypass"
"189","YBUS160189",38985,"3/11/2016 4:05",6.709861111,2016,"Late-fall",222.05585,"Middle Sacramento River","SacRiver"
"190","YBUS160190",38986,"3/11/2016 4:11",3.586435185,2016,"Late-fall",222.05585,"Middle Sacramento River","SacRiver"
"191","YBUS160191",38989,"3/11/2016 7:55",6.681446759,2016,"Late-fall",222.05585,"Middle Sacramento River","cendel"
"192","YBUS160192",38990,"3/11/2016 7:55",3.487708333,2016,"Late-fall",222.05585,"Middle Sacramento River","SacRiver"
"193","YBUS160193",38991,"3/11/2016 7:55",4.443240741,2016,"Late-fall",222.05585,"Middle Sacramento River","SacRS"
"194","YBUS160194",38992,"3/11/2016 7:55",8.641689815,2016,"Late-fall",222.05585,"Middle Sacramento River","SacRiver"
"195","YBUS160195",38993,"3/11/2016 7:55",3.944189815,2016,"Late-fall",222.05585,"Middle Sacramento River","SacRiver"
"196","YBUS160196",38994,"3/11/2016 7:55",3.49380787,2016,"Late-fall",222.05585,"Middle Sacramento River","SacRiver"
"197","YBUS160197",38995,"3/11/2016 20:08",3.014965278,2016,"Late-fall",163.23416,"Tidal Delta","Yolo_Bypass"
"198","YBUS160198",38996,"3/11/2016 20:08",7.068541667,2016,"Late-fall",163.23416,"Tidal Delta","Yolo_Bypass"
"199","YBUS160199",38999,"3/11/2016 20:14",6.042523148,2016,"Late-fall",163.23416,"Tidal Delta","Yolo_Bypass"
"200","YBUS160200",39000,"3/11/2016 20:14",5.361412037,2016,"Late-fall",163.23416,"Tidal Delta","Yolo_Bypass"
"201","YBUS160201",39001,"3/11/2016 20:14",4.496736111,2016,"Late-fall",163.23416,"Tidal Delta","Yolo_Bypass"
"202","YBUS160202",39002,"3/11/2016 20:14",5.651122685,2016,"Late-fall",163.23416,"Tidal Delta","Yolo_Bypass"
"203","YBUS160203",39003,"3/11/2016 20:14",2.991296296,2016,"Late-fall",163.23416,"Tidal Delta","Yolo_Bypass"
"204","YBUS160204",39004,"3/12/2016 1:58",5.357743056,2016,"Late-fall",163.23416,"Tidal Delta","Yolo_Bypass"
"205","YBUS160205",39005,"3/11/2016 20:14",11.86898148,2016,"Late-fall",163.23416,"Tidal Delta","Yolo_Bypass"
"206","YBUS160206",39006,"3/12/2016 2:04",5.906736111,2016,"Late-fall",163.23416,"Tidal Delta","Yolo_Bypass"
"207","YBUS160207",39008,"3/12/2016 2:04",6.574722222,2016,"Late-fall",163.23416,"Tidal Delta","Yolo_Bypass"
"208","YBUS160208",39009,"3/12/2016 2:04",3.675069444,2016,"Late-fall",163.23416,"Tidal Delta","Yolo_Bypass"
"209","YBUS160209",39010,"3/12/2016 2:04",3.175578704,2016,"Late-fall",163.23416,"Tidal Delta","Yolo_Bypass"
"210","YBUS160210",39013,"3/15/2016 18:00",6.444606481,2016,"Late-fall",222.05585,"Middle Sacramento River","Yolo_Bypass"
"211","YBUS160211",39014,"3/15/2016 18:00",3.878472222,2016,"Late-fall",222.05585,"Middle Sacramento River","Yolo_Bypass"
"212","YBUS160212",39016,"3/15/2016 18:00",4.109548611,2016,"Late-fall",222.05585,"Middle Sacramento River","Yolo_Bypass"
"213","YBUS160213",39018,"3/16/2016 10:00",3.975891204,2016,"Late-fall",222.05585,"Middle Sacramento River","SacRS"
"214","YBUS160214",39020,"3/16/2016 10:00",6.701412037,2016,"Late-fall",222.05585,"Middle Sacramento River","Yolo_Bypass"
"215","YBUS160215",39021,"3/16/2016 10:00",10.20679398,2016,"Late-fall",222.05585,"Middle Sacramento River","SacRiver"
"216","YBUS160216",39022,"3/16/2016 10:00",3.008252315,2016,"Late-fall",222.05585,"Middle Sacramento River","SacRS"
"217","YBUS160217",39024,"3/16/2016 10:00",7.676006944,2016,"Late-fall",222.05585,"Middle Sacramento River","Yolo_Bypass"
"218","YBUS160218",39025,"3/16/2016 10:00",3.499675926,2016,"Late-fall",222.05585,"Middle Sacramento River","Yolo_Bypass"
"219","YBUS160219",39027,"3/16/2016 7:26",11.39668981,2016,"Late-fall",177.15859,"Tidal Delta","Yolo_Bypass"
"220","YBUS160220",39031,"3/16/2016 15:51",5.922650463,2016,"Late-fall",177.15859,"Tidal Delta","Yolo_Bypass"
"221","YBUS160221",39032,"3/16/2016 22:50",11.30427083,2016,"Late-fall",177.15859,"Tidal Delta","Yolo_Bypass"
"222","YBUS160222",39034,"3/16/2016 22:51",4.581423611,2016,"Late-fall",177.15859,"Tidal Delta","Yolo_Bypass"
"223","YBUS160223",39036,"3/16/2016 22:51",3.08619213,2016,"Late-fall",177.15859,"Tidal Delta","Yolo_Bypass"
"224","YBUS160224",39040,"3/16/2016 21:48",2.61537037,2016,"Late-fall",177.15859,"Middle Sacramento River","SacRiver"
"225","YBUS160225",39041,"3/16/2016 21:43",2.621215278,2016,"Late-fall",177.15859,"Middle Sacramento River","SacRiver"
"226","YBUS160226",39045,"3/16/2016 21:57",2.120324074,2016,"Late-fall",177.15859,"Middle Sacramento River","SacRiver"
"227","YBUS160227",39046,"3/16/2016 21:57",3.061041667,2016,"Late-fall",177.15859,"Middle Sacramento River","SacRiver"
"228","YBUS160228",39050,"3/16/2016 21:57",2.628680556,2016,"Late-fall",177.15859,"Middle Sacramento River","SacRiver"
"229","YBUS160229",39052,"3/16/2016 14:45",2.890324074,2016,"Late-fall",177.15859,"Middle Sacramento River","SacRiver"
"230","YBUS160230",39054,"3/15/2016 18:00",4.182083333,2016,"Late-fall",222.05585,"Middle Sacramento River","Yolo_Bypass"
"231","YBUS160231",39057,"3/15/2016 18:00",10.86472222,2016,"Late-fall",222.05585,"Middle Sacramento River","Yolo_Bypass"
"232","YBUS160232",39059,"3/16/2016 10:00",3.517847222,2016,"Late-fall",222.05585,"Middle Sacramento River","Yolo_Bypass"
"233","YBUS160233",39060,"3/16/2016 10:00",5.633344907,2016,"Late-fall",222.05585,"Middle Sacramento River","Yolo_Bypass"
"234","YBUS160234",39061,"3/16/2016 10:00",3.12224537,2016,"Late-fall",222.05585,"Middle Sacramento River","SacRiver"
"235","YBUS160235",39063,"3/16/2016 10:00",6.14,2016,"Late-fall",222.05585,"Middle Sacramento River","Yolo_Bypass"
"236","YBUS160236",39065,"3/16/2016 10:00",3.543842593,2016,"Late-fall",222.05585,"Middle Sacramento River","Yolo_Bypass"
"237","YBUS160237",39067,"3/16/2016 7:26",4.757777778,2016,"Late-fall",177.15859,"Tidal Delta","Yolo_Bypass"
"238","YBUS160238",39069,"3/16/2016 7:26",9.460810185,2016,"Late-fall",177.15859,"Tidal Delta","Yolo_Bypass"
"239","YBUS160239",39070,"3/16/2016 7:26",5.190891204,2016,"Late-fall",177.15859,"Tidal Delta","Yolo_Bypass"
"240","YBUS160240",39071,"3/16/2016 7:26",16.52488426,2016,"Late-fall",177.15859,"Tidal Delta","Yolo_Bypass"
"241","YBUS160241",39075,"3/16/2016 7:26",3.663645833,2016,"Late-fall",177.15859,"Tidal Delta","Yolo_Bypass"
"242","YBUS160242",39076,"3/16/2016 7:26",8.402233796,2016,"Late-fall",177.15859,"Tidal Delta","Yolo_Bypass"
"243","YBUS160243",39077,"3/16/2016 7:26",9.899201389,2016,"Late-fall",177.15859,"Tidal Delta","Yolo_Bypass"
"244","YBUS160244",39078,"3/16/2016 6:23",2.673564815,2016,"Late-fall",177.15859,"Middle Sacramento River","SacRiver"
"245","YBUS160245",39079,"3/16/2016 6:23",2.319155093,2016,"Late-fall",177.15859,"Middle Sacramento River","SacRiver"
"246","YBUS160246",39081,"3/16/2016 6:30",2.115925926,2016,"Late-fall",177.15859,"Middle Sacramento River","SacRiver"
"247","YBUS160247",39082,"3/16/2016 6:30",4.552060185,2016,"Late-fall",177.15859,"Middle Sacramento River","cendel"
"248","YBUS160248",39084,"3/16/2016 6:30",2.257002315,2016,"Late-fall",177.15859,"Middle Sacramento River","SacRiver"
"249","YBUS160249",39085,"3/16/2016 6:30",6.82306713,2016,"Late-fall",177.15859,"Middle Sacramento River","cendel"
"250","YBUS160250",39086,"3/16/2016 6:30",2.264664352,2016,"Late-fall",177.15859,"Middle Sacramento River","SacRiver"
"251","YBUS160251",39087,"3/18/2016 2:00",6.025636574,2016,"Late-fall",222.05585,"Middle Sacramento River","SacRiver"
"252","YBUS160252",39088,"3/18/2016 2:00",2.786134259,2016,"Late-fall",222.05585,"Middle Sacramento River","SacRiver"
"253","YBUS160253",39090,"3/18/2016 2:00",4.07875,2016,"Late-fall",222.05585,"Middle Sacramento River","SacRiver"
"254","YBUS160254",39092,"3/18/2016 2:00",2.932685185,2016,"Late-fall",222.05585,"Middle Sacramento River","SacRiver"
"255","YBUS160255",39095,"3/18/2016 9:59",4.686724537,2016,"Late-fall",222.05585,"Middle Sacramento River","cendel"
"256","YBUS160256",39096,"3/18/2016 9:59",6.976574074,2016,"Late-fall",222.05585,"Middle Sacramento River","SacRiver"
"257","YBUS160257",39097,"3/18/2016 9:59",4.12806713,2016,"Late-fall",222.05585,"Middle Sacramento River","SacRS"
"258","YBUS160258",39098,"3/18/2016 9:59",3.638587963,2016,"Late-fall",222.05585,"Middle Sacramento River","SacRiver"
"259","YBUS160259",39099,"3/18/2016 7:13",44.8205787,2016,"Late-fall",177.15859,"Tidal Delta","Yolo_Bypass"
"260","YBUS160260",39100,"3/18/2016 7:13",3.377962963,2016,"Late-fall",177.15859,"Tidal Delta","Yolo_Bypass"
"261","YBUS160261",39102,"3/18/2016 7:13",13.4190625,2016,"Late-fall",177.15859,"Tidal Delta","Yolo_Bypass"
"262","YBUS160262",39103,"3/18/2016 7:13",7.855694444,2016,"Late-fall",177.15859,"Tidal Delta","Yolo_Bypass"
"263","YBUS160263",39107,"3/18/2016 2:00",5.285358796,2016,"Late-fall",222.05585,"Middle Sacramento River","SacRS"
"264","YBUS160264",39108,"3/18/2016 2:00",3.506689815,2016,"Late-fall",222.05585,"Middle Sacramento River","SacRiver"
"265","YBUS160265",39110,"3/18/2016 2:00",2.928969907,2016,"Late-fall",222.05585,"Middle Sacramento River","SacRiver"
"266","YBUS160266",39111,"3/18/2016 2:00",2.941215278,2016,"Late-fall",222.05585,"Middle Sacramento River","SacRS"
"267","YBUS160267",39112,"3/18/2016 9:59",3.770636574,2016,"Late-fall",222.05585,"Middle Sacramento River","SacRiver"
"268","YBUS160268",39113,"3/18/2016 9:59",3.636990741,2016,"Late-fall",222.05585,"Middle Sacramento River","SacRS"
"269","YBUS160269",39114,"3/18/2016 9:59",3.59337963,2016,"Late-fall",222.05585,"Middle Sacramento River","SacRiver"
"270","YBUS160270",39115,"3/18/2016 9:59",2.735729167,2016,"Late-fall",222.05585,"Middle Sacramento River","SacRiver"
"271","YBUS160271",39116,"3/18/2016 9:59",2.871388889,2016,"Late-fall",222.05585,"Middle Sacramento River","SacRiver"
"272","YBUS160272",39117,"3/18/2016 9:59",5.760787037,2016,"Late-fall",222.05585,"Middle Sacramento River","cendel"
"273","YBUS160273",39120,"3/18/2016 7:13",12.025625,2016,"Late-fall",177.15859,"Tidal Delta","Yolo_Bypass"
"274","YBUS160274",39123,"3/18/2016 7:13",4.365347222,2016,"Late-fall",177.15859,"Tidal Delta","Yolo_Bypass"
"275","YBUS160275",39124,"3/18/2016 7:13",3.31869213,2016,"Late-fall",177.15859,"Tidal Delta","Yolo_Bypass"
"276","YBUS160276",39125,"3/18/2016 7:13",4.249918981,2016,"Late-fall",177.15859,"Tidal Delta","Yolo_Bypass"
"277","YBUS160277",39126,"3/18/2016 7:13",4.367569444,2016,"Late-fall",177.15859,"Tidal Delta","Yolo_Bypass"
"278","YBUS160278",39127,"3/18/2016 7:13",3.271608796,2016,"Late-fall",177.15859,"Tidal Delta","Yolo_Bypass"
"279","YBUS160279",39128,"3/18/2016 6:00",4.318819444,2016,"Late-fall",177.15859,"Middle Sacramento River","SacRiver"
"280","YBUS160280",39130,"3/18/2016 6:18",6.390949074,2016,"Late-fall",177.15859,"Middle Sacramento River","cendel"
"281","YBUS160281",39131,"3/16/2016 9:10",1.88005787,2016,"Late-fall",177.15859,"Middle Sacramento River","SacRiver"
"282","YBUS160282",39134,"3/18/2016 6:18",4.281331019,2016,"Late-fall",177.15859,"Middle Sacramento River","SacRiver"
"283","YBUS160283",39135,"3/18/2016 15:58",4.437476852,2016,"Late-fall",177.15859,"Tidal Delta","Yolo_Bypass"
"284","YBUS160284",39136,"3/18/2016 16:00",4.49412037,2016,"Late-fall",177.15859,"Tidal Delta","Yolo_Bypass"
"285","YBUS160285",39137,"3/18/2016 16:00",9.057800926,2016,"Late-fall",177.15859,"Tidal Delta","Yolo_Bypass"
"286","YBUS160286",39139,"3/18/2016 16:07",7.982997685,2016,"Late-fall",177.15859,"Tidal Delta","Yolo_Bypass"
"287","YBUS160287",39140,"3/18/2016 16:07",2.910034722,2016,"Late-fall",177.15859,"Tidal Delta","Yolo_Bypass"
"288","YBUS160288",39143,"3/18/2016 16:07",7.079131944,2016,"Late-fall",177.15859,"Tidal Delta","Yolo_Bypass"
"289","YBUS160289",39144,"3/18/2016 14:33",12.75679398,2016,"Late-fall",177.15859,"Middle Sacramento River","cendel"
"290","YBUS160290",39146,"3/18/2016 23:49",4.159710648,2016,"Late-fall",177.15859,"Tidal Delta","Yolo_Bypass"
"291","YBUS160291",39148,"3/18/2016 23:49",3.594872685,2016,"Late-fall",177.15859,"Tidal Delta","Yolo_Bypass"
"292","YBUS160292",39152,"3/18/2016 22:30",2.090960648,2016,"Late-fall",177.15859,"Middle Sacramento River","SacRiver"
"293","YBUS160293",39153,"3/18/2016 22:30",3.107824074,2016,"Late-fall",177.15859,"Middle Sacramento River","SacRS"
"294","YBUS160294",39156,"3/18/2016 22:55",2.673703704,2016,"Late-fall",177.15859,"Middle Sacramento River","SacRiver"
"295","YBUS160295",39157,"3/18/2016 22:44",3.735844907,2016,"Late-fall",177.15859,"Middle Sacramento River","SacRiver"
"296","YBUS160296",39158,"3/18/2016 22:44",2.709710648,2016,"Late-fall",177.15859,"Middle Sacramento River","SacRiver"
"297","YBUS160297",39160,"3/18/2016 22:44",6.455543981,2016,"Late-fall",177.15859,"Middle Sacramento River","SacRiver"
"298","YBUS160298",39162,"3/18/2016 22:55",8.861053241,2016,"Late-fall",177.15859,"Middle Sacramento River","cendel"
"299","YBUS160299",39163,"3/18/2016 22:55",3.593483796,2016,"Late-fall",177.15859,"Middle Sacramento River","SacRiver"
"300","YBUS160300",39165,"3/18/2016 22:55",3.680381944,2016,"Late-fall",177.15859,"Middle Sacramento River","SacRiver"
"301","YBUS160301",39167,"3/18/2016 23:47",5.09693287,2016,"Late-fall",177.15859,"Tidal Delta","Yolo_Bypass"
"302","YBUS160302",39168,"3/18/2016 23:47",3.58994213,2016,"Late-fall",177.15859,"Tidal Delta","Yolo_Bypass"
"303","YBUS160303",39170,"3/18/2016 23:47",4.6696875,2016,"Late-fall",177.15859,"Tidal Delta","Yolo_Bypass"
"304","YBUS160304",39176,"3/18/2016 23:49",3.727731481,2016,"Late-fall",177.15859,"Tidal Delta","Yolo_Bypass"
"305","YBUS160305",39180,"3/18/2016 23:49",5.075231481,2016,"Late-fall",177.15859,"Tidal Delta","Yolo_Bypass"
"306","YBUS160306",39182,"3/18/2016 14:40",3.992141204,2016,"Late-fall",177.15859,"Middle Sacramento River","SacRiver"
"307","YBUS160307",39183,"3/18/2016 6:00",12.43861111,2016,"Late-fall",177.15859,"Middle Sacramento River","SacRiver"
"308","YBUS160308",39184,"3/18/2016 14:48",2.416018519,2016,"Late-fall",177.15859,"Middle Sacramento River","SacRiver"
"309","YBUS160309",39186,"3/18/2016 14:48",4.075138889,2016,"Late-fall",177.15859,"Middle Sacramento River","cendel"
"310","YBUS160310",39188,"3/18/2016 14:48",3.385787037,2016,"Late-fall",177.15859,"Middle Sacramento River","SacRiver"
"311","YBUS160311",39189,"3/18/2016 16:00",6.084652778,2016,"Late-fall",177.15859,"Tidal Delta","Yolo_Bypass"
"312","YBUS160312",39191,"3/18/2016 16:00",5.440497685,2016,"Late-fall",177.15859,"Tidal Delta","Yolo_Bypass"
"313","YBUS160313",39192,"3/18/2016 16:07",3.914780093,2016,"Late-fall",177.15859,"Tidal Delta","Yolo_Bypass"
"314","YBUS160314",39194,"3/18/2016 16:07",3.998564815,2016,"Late-fall",177.15859,"Tidal Delta","Yolo_Bypass"
"315","YBUS160315",39196,"3/18/2016 16:07",2.925173611,2016,"Late-fall",177.15859,"Tidal Delta","Yolo_Bypass"
"316","YBUS160316",39197,"3/18/2016 6:00",3.322835648,2016,"Late-fall",177.15859,"Middle Sacramento River","SacRiver"
"317","YBUS160317",39198,"3/18/2016 6:00",2.824293981,2016,"Late-fall",177.15859,"Middle Sacramento River","SacRiver"
"318","YBUS160318",39199,"3/18/2016 6:00",2.813043981,2016,"Late-fall",177.15859,"Middle Sacramento River","SacRiver"
"319","YBUS160319",39200,"3/18/2016 6:00",7.906319444,2016,"Late-fall",177.15859,"Middle Sacramento River","SacRiver"
"320","YBUS160320",39201,"3/18/2016 6:00",3.922916667,2016,"Late-fall",177.15859,"Middle Sacramento River","cendel"
"321","YBUS160321",39203,"3/18/2016 6:18",2.266574074,2016,"Late-fall",177.15859,"Middle Sacramento River","SacRiver"
"322","YBUS160322",39205,"3/18/2016 6:18",2.729143519,2016,"Late-fall",177.15859,"Middle Sacramento River","SacRiver"
"323","YBUS160323",39206,"3/18/2016 6:18",2.048518519,2016,"Late-fall",177.15859,"Middle Sacramento River","SacRiver"
"324","YBUS160324",39207,"3/18/2016 6:18",2.763935185,2016,"Late-fall",177.15859,"Middle Sacramento River","SacRiver"
"325","YBUS160325",39208,"3/16/2016 21:43",5.6496875,2016,"Late-fall",177.15859,"Middle Sacramento River","SacRiver"
"326","YBUS160326",39209,"3/16/2016 21:43",3.865590278,2016,"Late-fall",177.15859,"Middle Sacramento River","SacRiver"
"327","YBUS160327",39211,"3/16/2016 21:43",2.06681713,2016,"Late-fall",177.15859,"Middle Sacramento River","SacRiver"
"328","YBUS160328",39214,"3/16/2016 21:57",3.138020833,2016,"Late-fall",177.15859,"Middle Sacramento River","SacRiver"
"329","YBUS160329",39215,"3/16/2016 21:57",2.068125,2016,"Late-fall",177.15859,"Middle Sacramento River","SacRiver"
"330","YBUS160330",39216,"3/16/2016 21:57",4.865358796,2016,"Late-fall",177.15859,"Middle Sacramento River","SacRiver"
"331","YBUS160331",39217,"3/16/2016 21:57",5.750717593,2016,"Late-fall",177.15859,"Middle Sacramento River","cendel"
"332","YBUS160332",39219,"3/16/2016 22:50",5.045428241,2016,"Late-fall",177.15859,"Tidal Delta","Yolo_Bypass"
"333","YBUS160333",39222,"3/16/2016 22:51",4.110439815,2016,"Late-fall",177.15859,"Tidal Delta","Yolo_Bypass"
"334","YBUS160334",39223,"3/16/2016 22:51",5.703287037,2016,"Late-fall",177.15859,"Tidal Delta","Yolo_Bypass"
"335","YBUS160335",39225,"3/16/2016 22:51",9.199884259,2016,"Late-fall",177.15859,"Tidal Delta","Yolo_Bypass"
"336","YBUS160336",39226,"3/16/2016 14:36",2.311990741,2016,"Late-fall",177.15859,"Middle Sacramento River","SacRiver"
"337","YBUS160337",39227,"3/16/2016 14:36",2.758472222,2016,"Late-fall",177.15859,"Middle Sacramento River","SacRS"
"338","YBUS160338",39228,"3/16/2016 14:36",3.364097222,2016,"Late-fall",177.15859,"Middle Sacramento River","Yolo_Bypass"
"339","YBUS160339",39229,"3/16/2016 14:45",1.991238426,2016,"Late-fall",177.15859,"Middle Sacramento River","SacRiver"
"340","YBUS160340",39231,"3/16/2016 14:45",1.992523148,2016,"Late-fall",177.15859,"Middle Sacramento River","SacRiver"
"341","YBUS160341",39232,"3/16/2016 14:45",2.864780093,2016,"Late-fall",177.15859,"Middle Sacramento River","SacRS"
"342","YBUS160342",39233,"3/16/2016 14:45",2.312777778,2016,"Late-fall",177.15859,"Middle Sacramento River","SacRiver"
"343","YBUS160343",39234,"3/16/2016 22:50",6.142465278,2016,"Late-fall",177.15859,"Tidal Delta","Yolo_Bypass"
"344","YBUS160344",39236,"3/16/2016 15:50",3.871076389,2016,"Late-fall",177.15859,"Tidal Delta","Yolo_Bypass"
"345","YBUS160345",39238,"3/16/2016 15:51",4.963900463,2016,"Late-fall",177.15859,"Tidal Delta","Yolo_Bypass"
"346","YBUS160346",39239,"3/16/2016 15:51",4.901643519,2016,"Late-fall",177.15859,"Tidal Delta","Yolo_Bypass"
"347","YBUS160347",39240,"3/16/2016 15:51",8.957523148,2016,"Late-fall",177.15859,"Tidal Delta","Yolo_Bypass"
"348","YBUS160348",39242,"3/16/2016 15:51",5.446284722,2016,"Late-fall",177.15859,"Tidal Delta","Yolo_Bypass"
"349","YBUS160349",39243,"3/16/2016 15:51",5.000162037,2016,"Late-fall",177.15859,"Tidal Delta","Yolo_Bypass"
"350","YBUS160350",39244,"3/16/2016 14:36",8.982962963,2016,"Late-fall",177.15859,"Middle Sacramento River","SacRiver"
"351","YBUS160351",39245,"3/16/2016 14:36",2.326481481,2016,"Late-fall",177.15859,"Middle Sacramento River","SacRiver"
"352","YBUS160352",39246,"3/16/2016 14:36",3.340023148,2016,"Late-fall",177.15859,"Middle Sacramento River","SacRiver"
"353","YBUS160353",39248,"3/16/2016 14:45",2.297233796,2016,"Late-fall",177.15859,"Middle Sacramento River","SacRiver"
"354","YBUS160354",39249,"3/16/2016 14:45",5.942048611,2016,"Late-fall",177.15859,"Middle Sacramento River","cendel"
"355","YBUS160355",39250,"3/16/2016 14:45",2.43125,2016,"Late-fall",177.15859,"Middle Sacramento River","SacRiver"
"356","YBUS160356",39253,"3/16/2016 14:45",6.521909722,2016,"Late-fall",177.15859,"Middle Sacramento River","cendel"
"357","YBUS160357",39255,"3/16/2016 15:50",10.11336806,2016,"Late-fall",177.15859,"Tidal Delta","Yolo_Bypass"
"358","YBUS160358",39256,"3/16/2016 15:50",5.936284722,2016,"Late-fall",177.15859,"Tidal Delta","Yolo_Bypass"
"359","YBUS160359",39257,"3/16/2016 15:51",2.438668981,2016,"Late-fall",177.15859,"Tidal Delta","Yolo_Bypass"
"360","YBUS160360",39258,"3/16/2016 15:51",4.866365741,2016,"Late-fall",177.15859,"Tidal Delta","Yolo_Bypass"
"361","YBUS160361",39259,"3/16/2016 15:51",5.841898148,2016,"Late-fall",177.15859,"Tidal Delta","Yolo_Bypass"
"362","YBUS160362",39260,"3/16/2016 15:51",11.83924769,2016,"Late-fall",177.15859,"Tidal Delta","Yolo_Bypass"
"363","YBUS160363",39261,"3/16/2016 6:23",2.137141204,2016,"Late-fall",177.15859,"Middle Sacramento River","SacRiver"
"364","YBUS160364",39262,"3/16/2016 6:23",2.295902778,2016,"Late-fall",177.15859,"Middle Sacramento River","SacRiver"
"365","YBUS160365",39263,"3/16/2016 6:23",10.95063657,2016,"Late-fall",177.15859,"Middle Sacramento River","cendel"
"366","YBUS160366",39264,"3/16/2016 6:23",2.263402778,2016,"Late-fall",177.15859,"Middle Sacramento River","SacRiver"
"367","YBUS160367",39265,"3/16/2016 6:23",4.773159722,2016,"Late-fall",177.15859,"Middle Sacramento River","cendel"
"368","YBUS160368",39267,"3/16/2016 6:30",1.762199074,2016,"Late-fall",177.15859,"Middle Sacramento River","SacRS"
"369","YBUS160369",39269,"3/16/2016 6:30",6.782175926,2016,"Late-fall",177.15859,"Middle Sacramento River","SacRiver"
"370","YBUS160370",39271,"3/16/2016 6:30",4.678287037,2016,"Late-fall",177.15859,"Middle Sacramento River","cendel"
"371","YBUS160371",39272,"3/16/2016 6:30",3.763414352,2016,"Late-fall",177.15859,"Middle Sacramento River","SacRiver"
"372","YBUS160372",39273,"3/11/2016 14:07",3.143032407,2016,"Late-fall",163.23416,"Tidal Delta","Yolo_Bypass"
"373","YBUS160373",39275,"3/11/2016 14:07",6.32619213,2016,"Late-fall",163.23416,"Tidal Delta","Yolo_Bypass"
"374","YBUS160374",39276,"3/11/2016 14:07",6.292037037,2016,"Late-fall",163.23416,"Tidal Delta","Yolo_Bypass"
"375","YBUS160375",39281,"3/11/2016 14:12",2.921782407,2016,"Late-fall",163.23416,"Tidal Delta","Yolo_Bypass"
"376","YBUS160376",39284,"3/11/2016 8:02",6.049675926,2016,"Late-fall",222.05585,"Middle Sacramento River","SacRiver"
"377","YBUS160377",39285,"3/11/2016 8:03",6.50474537,2016,"Late-fall",222.05585,"Middle Sacramento River","SacRiver"
"378","YBUS160378",39288,"3/11/2016 8:03",6.122881944,2016,"Late-fall",222.05585,"Middle Sacramento River","cendel"
"379","YBUS160379",39291,"3/11/2016 8:03",8.219988426,2016,"Late-fall",222.05585,"Middle Sacramento River","cendel"
"380","YBUS160380",39292,"3/11/2016 8:03",2.994560185,2016,"Late-fall",222.05585,"Middle Sacramento River","SacRiver"
"381","YBUS160381",39293,"3/12/2016 1:58",2.779918981,2016,"Late-fall",163.23416,"Tidal Delta","Yolo_Bypass"
"382","YBUS160382",39294,"3/12/2016 1:58",3.171921296,2016,"Late-fall",163.23416,"Tidal Delta","Yolo_Bypass"
"383","YBUS160383",39295,"3/12/2016 1:58",3.283865741,2016,"Late-fall",163.23416,"Tidal Delta","Yolo_Bypass"
"384","YBUS160384",39298,"3/12/2016 2:04",3.186388889,2016,"Late-fall",163.23416,"Tidal Delta","Yolo_Bypass"
"385","YBUS160385",39299,"3/12/2016 2:04",5.82130787,2016,"Late-fall",163.23416,"Tidal Delta","Yolo_Bypass"
"386","YBUS160386",39303,"3/11/2016 14:06",5.752488426,2016,"Late-fall",163.23416,"Tidal Delta","Yolo_Bypass"
"387","YBUS160387",39304,"3/11/2016 20:14",6.89630787,2016,"Late-fall",163.23416,"Tidal Delta","Yolo_Bypass"
"388","YBUS160388",39305,"3/11/2016 20:14",5.011886574,2016,"Late-fall",163.23416,"Tidal Delta","Yolo_Bypass"
"389","YBUS160389",39306,"3/11/2016 20:14",4.096319444,2016,"Late-fall",163.23416,"Tidal Delta","Yolo_Bypass"
"390","YBUS160390",39310,"3/6/2016 21:12",5.351076389,2016,"Late-fall",222.05585,"Middle Sacramento River","SacRiver"
"391","YBUS160391",39314,"3/6/2016 21:12",6.011666667,2016,"Late-fall",222.05585,"Middle Sacramento River","cendel"
"392","YBUS160392",39316,"3/6/2016 21:12",5.277662037,2016,"Late-fall",222.05585,"Middle Sacramento River","SacRS"
"393","YBUS160393",39319,"3/6/2016 21:12",6.832951389,2016,"Late-fall",222.05585,"Middle Sacramento River","SacRiver"
"394","YBUS160394",39320,"3/6/2016 21:12",5.294664352,2016,"Late-fall",222.05585,"Middle Sacramento River","SacRiver"
"395","YBUS160395",39321,"3/6/2016 21:12",6.900023148,2016,"Late-fall",222.05585,"Middle Sacramento River","cendel"
"396","YBUS160396",39322,"3/6/2016 21:12",6.8065625,2016,"Late-fall",222.05585,"Middle Sacramento River","SacRiver"
"397","YBUS160397",39323,"3/6/2016 21:12",4.257141204,2016,"Late-fall",222.05585,"Middle Sacramento River","SacRiver"
"398","YBUS160398",39325,"3/6/2016 21:12",4.751041667,2016,"Late-fall",222.05585,"Middle Sacramento River","SacRiver"
"399","YBUS160399",39326,"3/6/2016 21:12",4.378784722,2016,"Late-fall",222.05585,"Middle Sacramento River","SacRiver"
"400","YBUS160400",39328,"3/6/2016 21:05",8.546956019,2016,"Late-fall",222.05585,"Middle Sacramento River","SacRiver"
"401","YBUS160401",39329,"3/6/2016 21:05",4.214756944,2016,"Late-fall",222.05585,"Middle Sacramento River","SacRiver"
"402","YBUS160402",39330,"3/6/2016 21:05",8.325671296,2016,"Late-fall",222.05585,"Middle Sacramento River","SacRiver"
"403","YBUS160403",39331,"3/6/2016 21:05",16.3293287,2016,"Late-fall",222.05585,"Middle Sacramento River","SacRS"
"404","YBUS160404",39332,"3/6/2016 21:05",6.278043981,2016,"Late-fall",222.05585,"Middle Sacramento River","SacRiver"
"405","YBUS160405",39334,"3/6/2016 21:05",6.30806713,2016,"Late-fall",222.05585,"Middle Sacramento River","Yolo_Bypass"
"406","YBUS160406",39335,"3/6/2016 21:05",5.60244213,2016,"Late-fall",222.05585,"Middle Sacramento River","Yolo_Bypass"
"407","YBUS160407",39336,"3/6/2016 21:05",8.044351852,2016,"Late-fall",222.05585,"Middle Sacramento River","Yolo_Bypass"
"408","YBUS160408",39337,"3/6/2016 21:05",5.976226852,2016,"Late-fall",222.05585,"Middle Sacramento River","Yolo_Bypass"
"409","YBUS160409",39338,"3/6/2016 21:05",4.243148148,2016,"Late-fall",222.05585,"Middle Sacramento River","SacRiver"
"410","YBUS160410",39340,"3/6/2016 21:05",4.239398148,2016,"Late-fall",222.05585,"Middle Sacramento River","SacRiver"
"411","YBUS160411",39343,"3/6/2016 14:41",6.1384375,2016,"Late-fall",222.05585,"Middle Sacramento River","SacRS"
"412","YBUS160412",39349,"3/6/2016 14:41",3.724201389,2016,"Late-fall",222.05585,"Middle Sacramento River","SacRiver"
"413","YBUS160413",39351,"3/6/2016 14:41",4.050844907,2016,"Late-fall",222.05585,"Middle Sacramento River","SacRiver"
"414","YBUS160414",39354,"3/6/2016 14:41",13.4247338,2016,"Late-fall",222.05585,"Middle Sacramento River","SacRiver"
"415","YBUS160415",39357,"3/6/2016 14:41",5.516701389,2016,"Late-fall",222.05585,"Middle Sacramento River","SacRiver"
"416","YBUS160416",39361,"3/6/2016 14:36",10.3399537,2016,"Late-fall",222.05585,"Middle Sacramento River","SacRiver"
"417","YBUS160417",39362,"3/6/2016 14:36",7.634155093,2016,"Late-fall",222.05585,"Middle Sacramento River","SacRS"
"418","YBUS160418",39365,"3/6/2016 14:36",8.10181713,2016,"Late-fall",222.05585,"Middle Sacramento River","SacRS"
"419","YBUS160419",39366,"3/6/2016 14:36",5.051111111,2016,"Late-fall",222.05585,"Middle Sacramento River","SacRiver"
"420","YBUS160420",39368,"3/6/2016 14:36",17.01335648,2016,"Late-fall",222.05585,"Middle Sacramento River","SacRiver"
"421","YBUS160421",39372,"3/6/2016 14:36",5.062280093,2016,"Late-fall",222.05585,"Middle Sacramento River","SacRS"
"422","YBUS160422",39377,"3/6/2016 8:59",7.329050926,2016,"Late-fall",222.05585,"Middle Sacramento River","Yolo_Bypass"
"423","YBUS160423",39384,"3/6/2016 8:59",6.791319444,2016,"Late-fall",222.05585,"Middle Sacramento River","SacRiver"
"424","YBUS160424",39386,"3/6/2016 8:59",5.048946759,2016,"Late-fall",222.05585,"Middle Sacramento River","Yolo_Bypass"
"425","YBUS160425",39389,"3/6/2016 8:59",4.030902778,2016,"Late-fall",222.05585,"Middle Sacramento River","SacRiver"
"426","YBUS160426",39390,"3/6/2016 8:50",5.783263889,2016,"Late-fall",222.05585,"Middle Sacramento River","Yolo_Bypass"
"427","YBUS160427",39401,"3/6/2016 8:50",8.56349537,2016,"Late-fall",222.05585,"Middle Sacramento River","cendel"
"428","YBUS160428",39402,"3/6/2016 8:50",6.357430556,2016,"Late-fall",222.05585,"Middle Sacramento River","SacRiver"
"429","YBUS160429",39403,"3/6/2016 8:50",6.291944444,2016,"Late-fall",222.05585,"Middle Sacramento River","SacRiver"
"430","YBUS160430",39406,"3/6/2016 8:50",6.40275463,2016,"Late-fall",222.05585,"Middle Sacramento River","cendel"
"431","YBUS160431",39407,"3/6/2016 8:50",6.394016204,2016,"Late-fall",222.05585,"Middle Sacramento River","SacRiver"
"432","YBUS160432",39409,"3/6/2016 3:14",5.564537037,2016,"Late-fall",222.05585,"Middle Sacramento River","SacRS"
"433","YBUS160433",39411,"3/6/2016 3:14",8.826180556,2016,"Late-fall",222.05585,"Middle Sacramento River","cendel"
"434","YBUS160434",39413,"3/6/2016 3:14",15.86362269,2016,"Late-fall",222.05585,"Middle Sacramento River","SacRiver"
"435","YBUS160435",39417,"3/6/2016 3:14",13.41486111,2016,"Late-fall",222.05585,"Middle Sacramento River","cendel"
"436","YBUS160436",39419,"3/6/2016 3:14",4.462384259,2016,"Late-fall",222.05585,"Middle Sacramento River","SacRS"
"437","YBUS160437",39420,"3/6/2016 3:14",7.56625,2016,"Late-fall",222.05585,"Middle Sacramento River","Yolo_Bypass"
"438","YBUS160438",39427,"3/6/2016 3:06",8.584756944,2016,"Late-fall",222.05585,"Middle Sacramento River","SacRiver"
"439","YBUS160439",39428,"3/6/2016 3:06",6.729236111,2016,"Late-fall",222.05585,"Middle Sacramento River","SacRiver"
"440","YBUS160440",39431,"3/6/2016 3:06",11.3234838,2016,"Late-fall",222.05585,"Middle Sacramento River","SacRiver"
"441","YBUS160441",39432,"3/6/2016 3:06",6.163784722,2016,"Late-fall",222.05585,"Middle Sacramento River","SacRS"
"442","YBUS160442",39433,"3/6/2016 3:06",6.072372685,2016,"Late-fall",222.05585,"Middle Sacramento River","SacRiver"
"443","YBUS160443",39434,"3/6/2016 3:06",14.86146991,2016,"Late-fall",222.05585,"Middle Sacramento River","SacRiver"
"444","YBUS160444",39436,"3/6/2016 3:06",9.724247685,2016,"Late-fall",222.05585,"Middle Sacramento River","SacRS"
"445","YBUS160445",39437,"3/6/2016 3:06",6.522743056,2016,"Late-fall",222.05585,"Middle Sacramento River","SacRS"
"446","YBUS160446",39444,"3/11/2016 0:07",4.315289352,2016,"Late-fall",222.05585,"Middle Sacramento River","Yolo_Bypass"
"447","YBUS160447",39447,"3/11/2016 8:02",6.442430556,2016,"Late-fall",222.05585,"Middle Sacramento River","cendel"
"448","YBUS160448",39449,"3/11/2016 0:13",3.685081019,2016,"Late-fall",222.05585,"Middle Sacramento River","SacRS"
"449","YBUS160449",39452,"3/11/2016 0:13",3.765578704,2016,"Late-fall",222.05585,"Middle Sacramento River","SacRiver"
"450","YBUS160450",39456,"3/11/2016 4:05",3.647407407,2016,"Late-fall",222.05585,"Middle Sacramento River","SacRiver"
"451","YBUS160451",39461,"3/11/2016 4:11",7.018298611,2016,"Late-fall",222.05585,"Middle Sacramento River","cendel"
"452","YBUS160452",39462,"3/11/2016 4:11",3.630532407,2016,"Late-fall",222.05585,"Middle Sacramento River","SacRiver"
"453","YBUS160453",39465,"3/11/2016 4:11",5.798333333,2016,"Late-fall",222.05585,"Middle Sacramento River","Yolo_Bypass"
"454","YBUS160454",39466,"3/11/2016 4:11",6.887523148,2016,"Late-fall",222.05585,"Middle Sacramento River","cendel"
"455","YBUS160455",39467,"3/11/2016 7:59",3.1846875,2016,"Late-fall",222.05585,"Middle Sacramento River","SacRiver"
"456","YBUS160456",39468,"3/11/2016 7:59",3.522118056,2016,"Late-fall",222.05585,"Middle Sacramento River","SacRiver"
"457","YBUS160457",39471,"3/11/2016 7:59",3.92462963,2016,"Late-fall",222.05585,"Middle Sacramento River","SacRiver"
"458","YBUS160458",39473,"3/11/2016 7:59",7.589780093,2016,"Late-fall",222.05585,"Middle Sacramento River","cendel"
"459","YBUS160459",39474,"3/11/2016 8:03",4.576979167,2016,"Late-fall",222.05585,"Middle Sacramento River","cendel"
"460","YBUS160460",39475,"3/11/2016 8:03",3.442094907,2016,"Late-fall",222.05585,"Middle Sacramento River","SacRS"
"461","YBUS160461",39477,"3/11/2016 8:03",3.381886574,2016,"Late-fall",222.05585,"Middle Sacramento River","SacRiver"
"462","YBUS160462",39478,"3/11/2016 8:03",4.383402778,2016,"Late-fall",222.05585,"Middle Sacramento River","SacRiver"
"463","YBUS160463",39479,"3/11/2016 14:07",3.206053241,2016,"Late-fall",163.23416,"Tidal Delta","Yolo_Bypass"
"464","YBUS160464",39481,"3/11/2016 14:07",4.297627315,2016,"Late-fall",163.23416,"Tidal Delta","Yolo_Bypass"
"465","YBUS160465",39482,"3/11/2016 14:07",3.381666667,2016,"Late-fall",163.23416,"Tidal Delta","Yolo_Bypass"
"466","YBUS160466",39483,"3/11/2016 14:07",6.267986111,2016,"Late-fall",163.23416,"Tidal Delta","Yolo_Bypass"
"467","YBUS160467",39484,"3/11/2016 0:07",4.871574074,2016,"Late-fall",222.05585,"Middle Sacramento River","SacRiver"
"468","YBUS160468",39487,"3/11/2016 0:07",3.776458333,2016,"Late-fall",222.05585,"Middle Sacramento River","SacRiver"
"469","YBUS160469",39488,"3/11/2016 0:07",4.357534722,2016,"Late-fall",222.05585,"Middle Sacramento River","cendel"
"470","YBUS160470",39491,"3/11/2016 0:13",5.378958333,2016,"Late-fall",222.05585,"Middle Sacramento River","SacRiver"
"471","YBUS160471",39492,"3/11/2016 0:13",3.327060185,2016,"Late-fall",222.05585,"Middle Sacramento River","SacRiver"
"472","YBUS160472",39493,"3/11/2016 0:13",3.254710648,2016,"Late-fall",222.05585,"Middle Sacramento River","SacRiver"
"473","YBUS160473",39494,"3/11/2016 0:13",3.840324074,2016,"Late-fall",222.05585,"Middle Sacramento River","SacRiver"
"474","YBUS160474",39495,"3/11/2016 0:13",3.8421875,2016,"Late-fall",222.05585,"Middle Sacramento River","SacRiver"
"475","YBUS160475",39497,"3/11/2016 4:02",4.110486111,2016,"Late-fall",222.05585,"Middle Sacramento River","SacRiver"
"476","YBUS160476",39499,"3/11/2016 4:02",6.31318287,2016,"Late-fall",222.05585,"Middle Sacramento River","cendel"
"477","YBUS160477",39501,"3/11/2016 4:09",3.783553241,2016,"Late-fall",222.05585,"Middle Sacramento River","SacRiver"
"478","YBUS160478",39502,"3/11/2016 4:09",3.611342593,2016,"Late-fall",222.05585,"Middle Sacramento River","SacRiver"
"479","YBUS160479",39503,"3/11/2016 4:09",5.595914352,2016,"Late-fall",222.05585,"Middle Sacramento River","cendel"
"480","YBUS160480",39504,"3/11/2016 4:09",5.251238426,2016,"Late-fall",222.05585,"Middle Sacramento River","cendel"
"481","YBUS160481",39508,"3/11/2016 20:07",3.464085648,2016,"Late-fall",163.23416,"Tidal Delta","Yolo_Bypass"
"482","YBUS160482",39521,"3/12/2016 1:57",5.339247685,2016,"Late-fall",163.23416,"Tidal Delta","Yolo_Bypass"
"483","YBUS160483",39522,"3/12/2016 1:58",10.5053125,2016,"Late-fall",163.23416,"Tidal Delta","Yolo_Bypass"
"484","YBUS160484",39524,"3/12/2016 1:58",4.289074074,2016,"Late-fall",163.23416,"Tidal Delta","Yolo_Bypass"
"485","YBUS160485",39525,"3/12/2016 1:58",6.780451389,2016,"Late-fall",163.23416,"Tidal Delta","Yolo_Bypass"
"486","YBUS160486",39526,"3/16/2016 1:59",4.94744213,2016,"Late-fall",222.05585,"Middle Sacramento River","Yolo_Bypass"
"487","YBUS160487",39531,"3/16/2016 1:59",3.492962963,2016,"Late-fall",222.05585,"Middle Sacramento River","Yolo_Bypass"
"488","YBUS160488",39532,"3/16/2016 1:59",13.62857639,2016,"Late-fall",222.05585,"Middle Sacramento River","Yolo_Bypass"
"489","YBUS160489",39536,"3/16/2016 7:25",3.308414352,2016,"Late-fall",177.15859,"Tidal Delta","Yolo_Bypass"
"490","YBUS160490",39537,"3/16/2016 7:25",6.268657407,2016,"Late-fall",177.15859,"Tidal Delta","Yolo_Bypass"
"491","YBUS160491",39538,"3/16/2016 7:25",3.327511574,2016,"Late-fall",177.15859,"Tidal Delta","Yolo_Bypass"
"492","YBUS160492",39539,"3/16/2016 7:25",3.722337963,2016,"Late-fall",177.15859,"Tidal Delta","Yolo_Bypass"
"493","YBUS160493",39541,"3/16/2016 7:26",4.182789352,2016,"Late-fall",177.15859,"Tidal Delta","Yolo_Bypass"
"494","YBUS160494",39544,"3/16/2016 7:26",5.296469907,2016,"Late-fall",177.15859,"Tidal Delta","Yolo_Bypass"
"495","YBUS160495",39545,"3/16/2016 7:26",17.50987269,2016,"Late-fall",177.15859,"Tidal Delta","Yolo_Bypass"
"496","YBUS160496",39546,"3/16/2016 7:26",4.79662037,2016,"Late-fall",177.15859,"Tidal Delta","Yolo_Bypass"
"497","YBUS160497",39547,"3/16/2016 7:26",8.879351852,2016,"Late-fall",177.15859,"Tidal Delta","Yolo_Bypass"
"498","YBUS160498",39548,"3/16/2016 6:25",2.632372685,2016,"Late-fall",177.15859,"Middle Sacramento River","SacRiver"
"499","YBUS160499",39549,"3/16/2016 6:25",3.659525463,2016,"Late-fall",177.15859,"Middle Sacramento River","SacRiver"
"500","YBUS160500",39550,"3/16/2016 6:25",2.290740741,2016,"Late-fall",177.15859,"Middle Sacramento River","SacRiver"
"501","YBUS160501",39551,"3/16/2016 6:25",7.792488426,2016,"Late-fall",177.15859,"Middle Sacramento River","cendel"
"502","YBUS160502",39552,"3/16/2016 6:25",2.202523148,2016,"Late-fall",177.15859,"Middle Sacramento River","SacRiver"
"503","YBUS160503",39553,"3/16/2016 22:50",4.106226852,2016,"Late-fall",177.15859,"Tidal Delta","Yolo_Bypass"
"504","YBUS160504",39554,"3/16/2016 22:50",3.109560185,2016,"Late-fall",177.15859,"Tidal Delta","Yolo_Bypass"
"505","YBUS160505",39555,"3/16/2016 22:50",4.165983796,2016,"Late-fall",177.15859,"Tidal Delta","Yolo_Bypass"
"506","YBUS160506",39557,"3/16/2016 22:50",2.710833333,2016,"Late-fall",177.15859,"Tidal Delta","Yolo_Bypass"
"507","YBUS160507",39558,"3/16/2016 22:50",7.176782407,2016,"Late-fall",177.15859,"Tidal Delta","Yolo_Bypass"
"508","YBUS160508",39559,"3/16/2016 22:50",3.004618056,2016,"Late-fall",177.15859,"Tidal Delta","Yolo_Bypass"
"509","YBUS160509",39560,"3/16/2016 22:50",6.585949074,2016,"Late-fall",177.15859,"Tidal Delta","Yolo_Bypass"
"510","YBUS160510",39561,"3/16/2016 22:50",3.823634259,2016,"Late-fall",177.15859,"Tidal Delta","Yolo_Bypass"
"511","YBUS160511",39563,"3/16/2016 21:48",11.94789352,2016,"Late-fall",177.15859,"Middle Sacramento River","cendel"
"512","YBUS160512",39565,"3/16/2016 21:48",5.165613426,2016,"Late-fall",177.15859,"Middle Sacramento River","cendel"
"513","YBUS160513",39569,"3/16/2016 21:43",4.722604167,2016,"Late-fall",177.15859,"Middle Sacramento River","SacRiver"
"514","YBUS160514",39570,"3/16/2016 21:43",2.137025463,2016,"Late-fall",177.15859,"Middle Sacramento River","SacRiver"
"515","YBUS160515",39571,"3/16/2016 21:43",3.594537037,2016,"Late-fall",177.15859,"Middle Sacramento River","SacRiver"
"516","YBUS160516",39574,"3/16/2016 1:59",3.930474537,2016,"Late-fall",222.05585,"Middle Sacramento River","Yolo_Bypass"
"517","YBUS160517",39577,"3/16/2016 1:59",3.491712963,2016,"Late-fall",222.05585,"Middle Sacramento River","Yolo_Bypass"
"518","YBUS160518",39578,"3/16/2016 1:59",3.950416667,2016,"Late-fall",222.05585,"Middle Sacramento River","Yolo_Bypass"
"519","YBUS160519",39579,"3/15/2016 18:00",4.22931713,2016,"Late-fall",222.05585,"Middle Sacramento River","Yolo_Bypass"
"520","YBUS160520",39580,"3/16/2016 7:25",3.719305556,2016,"Late-fall",177.15859,"Tidal Delta","Yolo_Bypass"
"521","YBUS160521",39582,"3/16/2016 7:25",5.254328704,2016,"Late-fall",177.15859,"Tidal Delta","Yolo_Bypass"
"522","YBUS160522",39583,"3/16/2016 7:25",10.40894676,2016,"Late-fall",177.15859,"Tidal Delta","Yolo_Bypass"
"523","YBUS160523",39584,"3/16/2016 7:25",4.665486111,2016,"Late-fall",177.15859,"Tidal Delta","Yolo_Bypass"
"524","YBUS160524",39586,"3/16/2016 6:25",4.226111111,2016,"Late-fall",177.15859,"Middle Sacramento River","SacRiver"
"525","YBUS160525",39588,"3/16/2016 6:25",2.246990741,2016,"Late-fall",177.15859,"Middle Sacramento River","SacRiver"
"526","YBUS160526",39589,"3/16/2016 6:23",2.229988426,2016,"Late-fall",177.15859,"Middle Sacramento River","SacRiver"
"527","YBUS160527",39590,"3/16/2016 6:23",2.65962963,2016,"Late-fall",177.15859,"Middle Sacramento River","SacRiver"
"528","YBUS160528",39591,"3/16/2016 6:23",6.372083333,2016,"Late-fall",177.15859,"Middle Sacramento River","cendel"
"529","YBUS160529",39592,"3/17/2016 18:00",4.282569444,2016,"Late-fall",222.05585,"Middle Sacramento River","SacRiver"
"530","YBUS160530",39594,"3/17/2016 18:00",7.437314815,2016,"Late-fall",222.05585,"Middle Sacramento River","cendel"
"531","YBUS160531",39595,"3/17/2016 18:00",4.820659722,2016,"Late-fall",222.05585,"Middle Sacramento River","SacRiver"
"532","YBUS160532",39597,"3/17/2016 18:00",13.99163194,2016,"Late-fall",222.05585,"Middle Sacramento River","SacRiver"
"533","YBUS160533",39598,"3/17/2016 18:00",8.35994213,2016,"Late-fall",222.05585,"Middle Sacramento River","cendel"
"534","YBUS160534",39599,"3/18/2016 22:55",5.421643519,2016,"Late-fall",177.15859,"Middle Sacramento River","cendel"
"535","YBUS160535",39602,"3/18/2016 7:11",6.398900463,2016,"Late-fall",177.15859,"Tidal Delta","Yolo_Bypass"
"536","YBUS160536",39603,"3/18/2016 7:11",14.58113426,2016,"Late-fall",177.15859,"Tidal Delta","Yolo_Bypass"
"537","YBUS160537",39605,"3/18/2016 7:11",7.827210648,2016,"Late-fall",177.15859,"Tidal Delta","Yolo_Bypass"
"538","YBUS160538",39606,"3/18/2016 7:13",4.783240741,2016,"Late-fall",177.15859,"Tidal Delta","Yolo_Bypass"
"539","YBUS160539",39607,"3/18/2016 7:13",3.475914352,2016,"Late-fall",177.15859,"Tidal Delta","Yolo_Bypass"
"540","YBUS160540",39610,"3/17/2016 18:00",4.271215278,2016,"Late-fall",222.05585,"Middle Sacramento River","SacRiver"
"541","YBUS160541",39612,"3/17/2016 18:00",3.799467593,2016,"Late-fall",222.05585,"Middle Sacramento River","SacRiver"
"542","YBUS160542",39613,"3/17/2016 18:00",4.324328704,2016,"Late-fall",222.05585,"Middle Sacramento River","SacRiver"
"543","YBUS160543",39616,"3/17/2016 18:00",7.358576389,2016,"Late-fall",222.05585,"Middle Sacramento River","SacRiver"
"544","YBUS160544",39617,"3/18/2016 7:11",5.760335648,2016,"Late-fall",177.15859,"Tidal Delta","Yolo_Bypass"
"545","YBUS160545",39618,"3/18/2016 7:11",3.82369213,2016,"Late-fall",177.15859,"Tidal Delta","Yolo_Bypass"
"546","YBUS160546",39619,"3/18/2016 7:11",6.174409722,2016,"Late-fall",177.15859,"Tidal Delta","Yolo_Bypass"
"547","YBUS160547",39621,"3/18/2016 7:13",4.796261574,2016,"Late-fall",177.15859,"Tidal Delta","Yolo_Bypass"
"548","YBUS160548",39622,"3/18/2016 7:13",3.311493056,2016,"Late-fall",177.15859,"Tidal Delta","Yolo_Bypass"
"549","YBUS160549",39623,"3/18/2016 7:13",7.329305556,2016,"Late-fall",177.15859,"Tidal Delta","Yolo_Bypass"
"550","YBUS160550",39624,"3/18/2016 6:07",4.454988426,2016,"Late-fall",177.15859,"Middle Sacramento River","SacRiver"
"551","YBUS160551",39625,"3/18/2016 6:07",2.818483796,2016,"Late-fall",177.15859,"Middle Sacramento River","SacRiver"
"552","YBUS160552",39627,"3/18/2016 6:07",2.8034375,2016,"Late-fall",177.15859,"Middle Sacramento River","SacRiver"
"553","YBUS160553",39628,"3/18/2016 6:07",2.741099537,2016,"Late-fall",177.15859,"Middle Sacramento River","SacRiver"
"554","YBUS160554",39629,"3/18/2016 6:07",2.759502315,2016,"Late-fall",177.15859,"Middle Sacramento River","SacRiver"
"555","YBUS160555",39630,"3/18/2016 6:07",5.815532407,2016,"Late-fall",177.15859,"Middle Sacramento River","SacRiver"
"556","YBUS160556",39631,"3/18/2016 6:00",6.30224537,2016,"Late-fall",177.15859,"Middle Sacramento River","cendel"
"557","YBUS160557",39632,"3/18/2016 6:00",2.766076389,2016,"Late-fall",177.15859,"Middle Sacramento River","SacRiver"
"558","YBUS160558",39633,"3/18/2016 6:00",2.754814815,2016,"Late-fall",177.15859,"Middle Sacramento River","SacRiver"
"559","YBUS160559",39636,"3/18/2016 15:58",3.858055556,2016,"Late-fall",177.15859,"Tidal Delta","Yolo_Bypass"
"560","YBUS160560",39637,"3/18/2016 15:58",8.587337963,2016,"Late-fall",177.15859,"Tidal Delta","Yolo_Bypass"
"561","YBUS160561",39638,"3/18/2016 15:58",14.15697917,2016,"Late-fall",177.15859,"Tidal Delta","Yolo_Bypass"
"562","YBUS160562",39642,"3/18/2016 16:00",8.97837963,2016,"Late-fall",177.15859,"Tidal Delta","Yolo_Bypass"
"563","YBUS160563",39643,"3/18/2016 14:33",3.927962963,2016,"Late-fall",177.15859,"Middle Sacramento River","SacRiver"
"564","YBUS160564",39644,"3/18/2016 14:33",5.979988426,2016,"Late-fall",177.15859,"Middle Sacramento River","SacRiver"
"565","YBUS160565",39645,"3/18/2016 14:33",5.5015625,2016,"Late-fall",177.15859,"Middle Sacramento River","cendel"
"566","YBUS160566",39646,"3/18/2016 14:33",2.719259259,2016,"Late-fall",177.15859,"Middle Sacramento River","SacRS"
"567","YBUS160567",39648,"3/18/2016 14:40",3.461342593,2016,"Late-fall",177.15859,"Middle Sacramento River","SacRiver"
"568","YBUS160568",39649,"3/18/2016 14:40",6.536574074,2016,"Late-fall",177.15859,"Middle Sacramento River","SacRiver"
"569","YBUS160569",39650,"3/18/2016 14:40",2.424375,2016,"Late-fall",177.15859,"Middle Sacramento River","SacRiver"
"570","YBUS160570",39652,"3/18/2016 23:50",3.091712963,2016,"Late-fall",177.15859,"Tidal Delta","Yolo_Bypass"
"571","YBUS160571",39661,"3/18/2016 22:30",4.722418981,2016,"Late-fall",177.15859,"Middle Sacramento River","cendel"
"572","YBUS160572",39662,"3/18/2016 22:30",2.725277778,2016,"Late-fall",177.15859,"Middle Sacramento River","Yolo_Bypass"
"573","YBUS160573",39663,"3/18/2016 22:30",4.177662037,2016,"Late-fall",177.15859,"Middle Sacramento River","SacRiver"
"574","YBUS160574",39664,"3/18/2016 22:44",3.715833333,2016,"Late-fall",177.15859,"Middle Sacramento River","cendel"
"575","YBUS160575",39665,"3/18/2016 22:44",5.513240741,2016,"Late-fall",177.15859,"Middle Sacramento River","cendel"
"576","YBUS160576",39666,"3/18/2016 22:44",2.638298611,2016,"Late-fall",177.15859,"Middle Sacramento River","SacRiver"
"577","YBUS160577",39668,"3/18/2016 22:44",2.665590278,2016,"Late-fall",177.15859,"Middle Sacramento River","SacRiver"
"578","YBUS160578",39669,"3/18/2016 22:55",4.177708333,2016,"Late-fall",177.15859,"Middle Sacramento River","cendel"
"579","YBUS160579",39671,"3/18/2016 22:55",3.725162037,2016,"Late-fall",177.15859,"Middle Sacramento River","SacRiver"
"580","YBUS160580",39672,"3/18/2016 22:55",3.135127315,2016,"Late-fall",177.15859,"Middle Sacramento River","SacRiver"
"581","YBUS160581",39673,"3/18/2016 22:55",3.038148148,2016,"Late-fall",177.15859,"Middle Sacramento River","SacRiver"
"582","YBUS160582",39675,"3/18/2016 14:40",7.007523148,2016,"Late-fall",177.15859,"Middle Sacramento River","cendel"
"583","YBUS160583",39676,"3/18/2016 14:48",2.454375,2016,"Late-fall",177.15859,"Middle Sacramento River","SacRiver"
"584","YBUS160584",39677,"3/18/2016 14:48",2.144108796,2016,"Late-fall",177.15859,"Middle Sacramento River","SacRiver"
"585","YBUS160585",39680,"3/18/2016 14:48",8.768449074,2016,"Late-fall",177.15859,"Middle Sacramento River","SacRiver"
"586","YBUS160586",39681,"3/18/2016 14:48",3.924652778,2016,"Late-fall",177.15859,"Middle Sacramento River","SacRiver"
"587","YBUS160587",39683,"3/18/2016 23:50",9.740671296,2016,"Late-fall",177.15859,"Tidal Delta","Yolo_Bypass"
"588","YBUS160588",39685,"3/18/2016 22:30",5.725555556,2016,"Late-fall",177.15859,"Middle Sacramento River","cendel"
"589","YBUS160589",39686,"3/18/2016 22:30",4.131516204,2016,"Late-fall",177.15859,"Middle Sacramento River","SacRiver"
"590","YBUS160590",39689,"3/18/2016 22:30",9.800659722,2016,"Late-fall",177.15859,"Middle Sacramento River","SacRiver"
"591","YBUS160591",39692,"3/18/2016 22:44",3.12318287,2016,"Late-fall",177.15859,"Middle Sacramento River","SacRiver"
"592","YBUS160592",39693,"3/18/2016 22:44",3.106493056,2016,"Late-fall",177.15859,"Middle Sacramento River","SacRiver"
"593","YBUS160593",39694,"3/18/2016 14:48",2.466076389,2016,"Late-fall",177.15859,"Middle Sacramento River","SacRiver"
"594","YBUS160594",39695,"3/18/2016 23:50",3.491493056,2016,"Late-fall",177.15859,"Tidal Delta","Yolo_Bypass"
"595","YBUS160595",39696,"3/18/2016 23:50",3.909976852,2016,"Late-fall",177.15859,"Tidal Delta","Yolo_Bypass"
"596","YBUS160596",39697,"3/18/2016 23:50",4.11712963,2016,"Late-fall",177.15859,"Tidal Delta","Yolo_Bypass"
"597","YBUS160597",39699,"3/18/2016 23:50",4.089039352,2016,"Late-fall",177.15859,"Tidal Delta","Yolo_Bypass"
"598","YBUS160598",39701,"3/18/2016 23:50",6.735694444,2016,"Late-fall",177.15859,"Tidal Delta","Yolo_Bypass"
"599","YBUS160599",39702,"3/18/2016 23:47",3.406145833,2016,"Late-fall",177.15859,"Tidal Delta","Yolo_Bypass"
"600","YBUS160600",39704,"3/18/2016 14:33",2.402800926,2016,"Late-fall",177.15859,"Middle Sacramento River","SacRiver"
"601","YBUS160601",39706,"3/18/2016 14:33",3.422141204,2016,"Late-fall",177.15859,"Middle Sacramento River","SacRiver"
"602","YBUS160602",39707,"3/18/2016 14:33",3.058865741,2016,"Late-fall",177.15859,"Middle Sacramento River","SacRiver"
"603","YBUS160603",39710,"3/18/2016 14:40",2.404131944,2016,"Late-fall",177.15859,"Middle Sacramento River","SacRS"
"604","YBUS160604",39711,"3/18/2016 14:40",2.431087963,2016,"Late-fall",177.15859,"Middle Sacramento River","SacRiver"
"605","YBUS160605",39712,"3/18/2016 14:40",4.176400463,2016,"Late-fall",177.15859,"Middle Sacramento River","cendel"
"606","YBUS160606",39713,"3/18/2016 15:58",4.400277778,2016,"Late-fall",177.15859,"Tidal Delta","Yolo_Bypass"
"607","YBUS160607",39715,"3/18/2016 15:58",4.371724537,2016,"Late-fall",177.15859,"Tidal Delta","Yolo_Bypass"
"608","YBUS160608",39719,"3/18/2016 16:00",9.644756944,2016,"Late-fall",177.15859,"Tidal Delta","Yolo_Bypass"
"609","YBUS160609",39721,"3/18/2016 16:00",6.268935185,2016,"Late-fall",177.15859,"Tidal Delta","Yolo_Bypass"
"610","YBUS160610",39722,"3/18/2016 7:13",5.368981481,2016,"Late-fall",177.15859,"Tidal Delta","Yolo_Bypass"
"611","YBUS160611",39723,"3/18/2016 6:07",3.645150463,2016,"Late-fall",177.15859,"Middle Sacramento River","SacRiver"
"612","YBUS160612",39725,"3/18/2016 6:07",3.515115741,2016,"Late-fall",177.15859,"Middle Sacramento River","SacRiver"
"613","YBUS160613",39726,"3/18/2016 6:07",4.3665625,2016,"Late-fall",177.15859,"Middle Sacramento River","cendel"
"614","YBUS160614",39727,"3/16/2016 21:48",2.116226852,2016,"Late-fall",177.15859,"Middle Sacramento River","SacRS"
"615","YBUS160615",39733,"3/16/2016 21:48",3.588298611,2016,"Late-fall",177.15859,"Middle Sacramento River","Yolo_Bypass"
"616","YBUS160616",39735,"3/16/2016 21:43",2.683194444,2016,"Late-fall",177.15859,"Middle Sacramento River","SacRiver"
"617","YBUS160617",39737,"3/16/2016 22:50",5.071238426,2016,"Late-fall",177.15859,"Tidal Delta","Yolo_Bypass"
"618","YBUS160618",39739,"3/16/2016 22:50",3.571064815,2016,"Late-fall",177.15859,"Tidal Delta","Yolo_Bypass"
"619","YBUS160619",39740,"3/16/2016 22:50",3.057280093,2016,"Late-fall",177.15859,"Tidal Delta","Yolo_Bypass"
"620","YBUS160620",39742,"3/16/2016 22:50",5.079328704,2016,"Late-fall",177.15859,"Tidal Delta","Yolo_Bypass"
"621","YBUS160621",39744,"3/16/2016 22:50",8.685127315,2016,"Late-fall",177.15859,"Tidal Delta","Yolo_Bypass"
"622","YBUS160622",39804,"3/16/2016 14:30",4.927222222,2016,"Late-fall",177.15859,"Middle Sacramento River","SacRiver"
"623","YBUS160623",39807,"3/16/2016 14:30",2.380601852,2016,"Late-fall",177.15859,"Middle Sacramento River","SacRiver"
"624","YBUS160624",39808,"3/16/2016 14:30",2.90162037,2016,"Late-fall",177.15859,"Middle Sacramento River","SacRiver"
"625","YBUS160625",39809,"3/16/2016 14:30",3.424039352,2016,"Late-fall",177.15859,"Middle Sacramento River","SacRiver"
"626","YBUS160626",39811,"3/16/2016 14:36",7.432037037,2016,"Late-fall",177.15859,"Middle Sacramento River","cendel"
"627","YBUS160627",39812,"3/16/2016 14:36",2.314479167,2016,"Late-fall",177.15859,"Middle Sacramento River","SacRiver"
"628","YBUS160628",39814,"3/16/2016 6:30",6.594131944,2016,"Late-fall",177.15859,"Middle Sacramento River","cendel"
"629","YBUS160629",39815,"3/16/2016 15:48",3.844166667,2016,"Late-fall",177.15859,"Tidal Delta","Yolo_Bypass"
"630","YBUS160630",39816,"3/16/2016 15:48",9.004756944,2016,"Late-fall",177.15859,"Tidal Delta","Yolo_Bypass"
"631","YBUS160631",39818,"3/16/2016 15:48",3.321539352,2016,"Late-fall",177.15859,"Tidal Delta","Yolo_Bypass"
"632","YBUS160632",39820,"3/16/2016 15:50",4.130358796,2016,"Late-fall",177.15859,"Tidal Delta","Yolo_Bypass"
"633","YBUS160633",39821,"3/16/2016 15:50",10.03778935,2016,"Late-fall",177.15859,"Tidal Delta","Yolo_Bypass"
"634","YBUS160634",39824,"3/16/2016 14:30",7.920520833,2016,"Late-fall",177.15859,"Middle Sacramento River","SacRiver"
"635","YBUS160635",39825,"3/16/2016 14:30",2.427719907,2016,"Late-fall",177.15859,"Middle Sacramento River","SacRiver"
"636","YBUS160636",39826,"3/16/2016 14:30",6.059641204,2016,"Late-fall",177.15859,"Middle Sacramento River","cendel"
"637","YBUS160637",39827,"3/16/2016 14:30",2.33380787,2016,"Late-fall",177.15859,"Middle Sacramento River","SacRiver"
"638","YBUS160638",39829,"3/16/2016 14:30",1.995868056,2016,"Late-fall",177.15859,"Middle Sacramento River","SacRiver"
"639","YBUS160639",39832,"3/16/2016 14:36",3.363935185,2016,"Late-fall",177.15859,"Middle Sacramento River","SacRiver"
"640","YBUS160640",39833,"3/16/2016 15:48",4.356423611,2016,"Late-fall",177.15859,"Tidal Delta","Yolo_Bypass"
"641","YBUS160641",39837,"3/16/2016 15:48",6.408206019,2016,"Late-fall",177.15859,"Tidal Delta","Yolo_Bypass"
"642","YBUS160642",39839,"3/16/2016 15:50",6.393831019,2016,"Late-fall",177.15859,"Tidal Delta","Yolo_Bypass"
"643","YBUS160643",39842,"3/11/2016 14:06",3.522673611,2016,"Late-fall",163.23416,"Tidal Delta","Yolo_Bypass"
"644","YBUS160644",39846,"3/11/2016 14:06",3.650960648,2016,"Late-fall",163.23416,"Tidal Delta","Yolo_Bypass"
"645","YBUS160645",39848,"3/11/2016 14:06",4.363125,2016,"Late-fall",163.23416,"Tidal Delta","Yolo_Bypass"
"646","YBUS160646",39849,"3/11/2016 7:59",3.511458333,2016,"Late-fall",222.05585,"Middle Sacramento River","SacRiver"
"647","YBUS160647",39850,"3/11/2016 14:07",3.256539352,2016,"Late-fall",163.23416,"Tidal Delta","Yolo_Bypass"
"648","YBUS160648",39852,"3/11/2016 7:59",6.758796296,2016,"Late-fall",222.05585,"Middle Sacramento River","cendel"
"649","YBUS160649",39853,"3/11/2016 7:59",3.515439815,2016,"Late-fall",222.05585,"Middle Sacramento River","SacRiver"
"650","YBUS160650",39854,"3/11/2016 7:59",6.364444444,2016,"Late-fall",222.05585,"Middle Sacramento River","SacRiver"
"651","YBUS160651",39855,"3/11/2016 7:59",3.492106481,2016,"Late-fall",222.05585,"Middle Sacramento River","SacRiver"
"652","YBUS160652",39856,"3/11/2016 7:59",4.4990625,2016,"Late-fall",222.05585,"Middle Sacramento River","SacRiver"
"653","YBUS160653",39858,"3/11/2016 8:02",3.462083333,2016,"Late-fall",222.05585,"Middle Sacramento River","SacRiver"
"654","YBUS160654",39861,"3/11/2016 20:07",16.87939815,2016,"Late-fall",163.23416,"Tidal Delta","Yolo_Bypass"
"655","YBUS160655",39865,"3/11/2016 20:07",9.774826389,2016,"Late-fall",163.23416,"Tidal Delta","Yolo_Bypass"
"656","YBUS160656",39866,"3/11/2016 20:07",3.010775463,2016,"Late-fall",163.23416,"Tidal Delta","Yolo_Bypass"
"657","YBUS160657",39870,"3/11/2016 20:08",4.083726852,2016,"Late-fall",163.23416,"Tidal Delta","Yolo_Bypass"
"658","YBUS160658",39871,"3/12/2016 1:57",2.781388889,2016,"Late-fall",163.23416,"Tidal Delta","Yolo_Bypass"
"659","YBUS160659",39872,"3/12/2016 1:57",2.772662037,2016,"Late-fall",163.23416,"Tidal Delta","Yolo_Bypass"
"660","YBUS160660",39873,"3/12/2016 1:57",4.860231481,2016,"Late-fall",163.23416,"Tidal Delta","Yolo_Bypass"
"661","YBUS160661",39874,"3/12/2016 1:57",5.358321759,2016,"Late-fall",163.23416,"Tidal Delta","Yolo_Bypass"
"662","YBUS160662",39878,"3/12/2016 1:58",17.14586806,2016,"Late-fall",163.23416,"Tidal Delta","Yolo_Bypass"
"663","YBUS160663",39879,"3/12/2016 1:58",8.507928241,2016,"Late-fall",163.23416,"Tidal Delta","Yolo_Bypass"
