"","GEN","LAT","LON","Year","Type","study"
"1","I_80_1",38.57309,-121.58298,"2012","Vemco","YoloAce"
"2","Lisbon",38.476309,-121.588685,"2012","Vemco","YoloAce"
"3","Rstr",38.353472,-121.642931,"2012","Vemco","YoloAce"
"4","Base_TD",38.29072,-121.66068,"2012","Vemco","YoloAce"
"5","BC_joint",38.230671,-121.673856,"2012","Vemco","YoloAce"
"6","BC_joint",38.230739,-121.676042,"2012","Vemco","YoloAce"
"7","Miner",38.2369,-121.66538,"2012","Vemco","YoloAce"
"8","Sutter",38.3286,-121.5778,"2012","Vemco","YoloAce"
"9","RM80_5",38.77539,-121.63181,"2012","Vemco","YoloAce"
"10","Georgiana",38.23725,-121.5176,"2012","Vemco","YoloAce"
"11","RM71",38.68499,-121.63318,"2012","Vemco","YoloAce"
"12","RM88",38.78796,-121.69355,"2012","Vemco","YoloAce"
"13","RM71",38.68489,-121.63389,"2012","Vemco","YoloAce"
"14","Steamboat",38.28498,-121.5868,"2012","Vemco","YoloAce"
"15","UpperMiner",38.29174,-121.63097,"2012","Vemco","YoloAce"
"16","BaseSteamboat",38.18317,-121.65792,"2012","Vemco","YoloAce"
"17","RM61",38.60357,-121.52004,"2012","Vemco","YoloAce"
"18","RM88",38.78797,-121.69311,"2012","Vemco","YoloAce"
"19","SacMouth",38.17392,-121.6483,"2012","Vemco","YoloAce"
"20","Chipps",38.047892,-121.92957,"2012","Vemco","YoloAce"
"21","Chipps",38.047892,-121.92957,"2012","Vemco","YoloAce"
"22","Chipps",38.046635,-121.931456,"2012","Vemco","YoloAce"
"23","Chipps",38.050009,-121.927605,"2012","Vemco","YoloAce"
"24","Chipps",38.045968,-121.931987,"2012","Vemco","YoloAce"
"25","Chipps",38.050009,-121.927605,"2012","Vemco","YoloAce"
"26","Chipps",38.048358,-121.932802,"2012","Vemco","YoloAce"
"27","Chipps",38.048358,-121.932802,"2012","Vemco","YoloAce"
"28","Chipps",38.046874,-121.932608,"2012","Vemco","YoloAce"
"29","Chipps",38.050975,-121.930688,"2012","Vemco","YoloAce"
"30","Chipps",38.046874,-121.932608,"2012","Vemco","YoloAce"
"31","Chipps",38.050061,-121.932114,"2012","Vemco","YoloAce"
"32","I_80_1",38.57309,-121.58298,"2013","Vemco","YoloAce"
"33","Lisbon",38.476309,-121.588685,"2013","Vemco","YoloAce"
"34","Rstr",38.353472,-121.642931,"2013","Vemco","YoloAce"
"35","Base_TD",38.29072,-121.66068,"2013","Vemco","YoloAce"
"36","BC_joint",38.230671,-121.673856,"2013","Vemco","YoloAce"
"37","BC_joint",38.230739,-121.676042,"2013","Vemco","YoloAce"
"38","BC_joint",38.48826,-121.618805,"2013","Vemco","YoloAce"
"39","BC_joint",38.48826,-121.618805,"2013","Vemco","YoloAce"
"40","KLB",38.80235,-121.727916,"2013","Vemco","YoloAce"
"41","KLB",38.80226,-121.72005,"2013","Vemco","YoloAce"
"42","MS01",38.80007,-121.72071,"2013","Vemco","YoloAce"
"43","MS01",38.80009,-121.69776,"2013","Vemco","YoloAce"
"44","MS01",38.79976,-121.69728,"2013","Vemco","YoloAce"
"45","MS01",38.79974,-121.69765,"2013","Vemco","YoloAce"
"46","MS02",38.7811,-121.69716,"2013","Vemco","YoloAce"
"47","MS02",38.78111,-121.68845,"2013","Vemco","YoloAce"
"48","MS02",38.78102,-121.68797,"2013","Vemco","YoloAce"
"49","MS02",38.78108,-121.68826,"2013","Vemco","YoloAce"
"50","MS03",38.7701,-121.68767,"2013","Vemco","YoloAce"
"51","MS03",8.76988,-121.69196,"2013","Vemco","YoloAce"
"52","MS03",38.7699,-121.6916,"2013","Vemco","YoloAce"
"53","MS03",38.76971,-121.69218,"2013","Vemco","YoloAce"
"54","MS04",38.76449,-121.69192,"2013","Vemco","YoloAce"
"55","MS04",38.7646,-121.68929,"2013","Vemco","YoloAce"
"56","MS04",38.76442,-121.68885,"2013","Vemco","YoloAce"
"57","MS04",38.76457,-121.68902,"2013","Vemco","YoloAce"
"58","MS05",38.76025,-121.68854,"2013","Vemco","YoloAce"
"59","MS05",38.76054,-121.67695,"2013","Vemco","YoloAce"
"60","MS05",38.76012,-121.67693,"2013","Vemco","YoloAce"
"61","MS05",38.76046,-121.67648,"2013","Vemco","YoloAce"
"62","MS06",38.77018,-121.67627,"2013","Vemco","YoloAce"
"63","MS06",38.77028,-121.63251,"2013","Vemco","YoloAce"
"64","MS06",38.77053,-121.63296,"2013","Vemco","YoloAce"
"65","MS06",8.77052,-121.63239,"2013","Vemco","YoloAce"
"66","MS07",38.78045,-121.6329,"2013","Vemco","YoloAce"
"67","MS07",38.78016,-121.62833,"2013","Vemco","YoloAce"
"68","MS07",38.78061,-121.62887,"2013","Vemco","YoloAce"
"69","MS07",38.78036,-121.62866,"2013","Vemco","YoloAce"
"70","MS08",8.74305,-121.62916,"2013","Vemco","YoloAce"
"71","MS08",38.74271,-121.6007,"2013","Vemco","YoloAce"
"72","MS08",38.74282,-121.59988,"2013","Vemco","YoloAce"
"73","MS08",38.74259,-121.60092,"2013","Vemco","YoloAce"
"74","MS08",8.7427,-121.59981,"2013","Vemco","YoloAce"
"75","MS09",38.70987,-121.6003,"2013","Vemco","YoloAce"
"76","MS09",8.70947,-121.61497,"2013","Vemco","YoloAce"
"77","MS09",38.70924,-121.6142,"2013","Vemco","YoloAce"
"78","MS09",8.70962,-121.61441,"2013","Vemco","YoloAce"
"79","MS10",38.67002,-121.6147,"2013","Vemco","YoloAce"
"80","MS10",38.6705,-121.62278,"2013","Vemco","YoloAce"
"81","MS10",38.6698,-121.62227,"2013","Vemco","YoloAce"
"82","MS10",38.67029,-121.62247,"2013","Vemco","YoloAce"
"83","MS10",38.67016,-121.62193,"2013","Vemco","YoloAce"
"84","MS11",38.60352,-121.62238,"2013","Vemco","YoloAce"
"85","MS12",38.56222,-121.52081,"2013","Vemco","YoloAce"
"86","MS12",38.56135,-121.52031,"2013","Vemco","YoloAce"
"87","MS12",38.56181,-121.51992,"2013","Vemco","YoloAce"
"88","MS13",38.43536,-121.51869,"2013","Vemco","YoloAce"
"89","MS13",38.43461,-121.52423,"2013","Vemco","YoloAce"
"90","MS13",38.43544,-121.52406,"2013","Vemco","YoloAce"
"91","MS13",38.4346,-121.52461,"2013","Vemco","YoloAce"
"92","MS13",38.43505,-121.52454,"2013","Vemco","YoloAce"
"93","MS14",38.30279,-121.52431,"2013","Vemco","YoloAce"
"94","MS14",38.33014,-121.57797,"2013","Vemco","YoloAce"
"95","MS14",38.23657,-121.57988,"2013","Vemco","YoloAce"
"96","MS14",38.23926,-121.51723,"2013","Vemco","YoloAce"
"97","MS14",38.23977,-121.52074,"2013","Vemco","YoloAce"
"98","MS14",8.24508,-121.52074,"2013","Vemco","YoloAce"
"99","MS16",38.21988,-121.64298,"2013","Vemco","YoloAce"
"100","MS16",8.22056,-121.67339,"2013","Vemco","YoloAce"
"101","Chipps",38.047265,-121.931783,"2013","Vemco","YoloAce"
"102","Chipps",38.047892,-121.92957,"2013","Vemco","YoloAce"
"103","Chipps",38.046602,-121.929173,"2013","Vemco","YoloAce"
"104","Chipps",38.048856,-121.929075,"2013","Vemco","YoloAce"
"105","Chipps",38.044827,-121.932174,"2013","Vemco","YoloAce"
"106","Chipps",38.050826,-121.930197,"2013","Vemco","YoloAce"
"107","Chipps",38.048633,-121.932348,"2013","Vemco","YoloAce"
"108","Chipps",38.048633,-121.932348,"2013","Vemco","YoloAce"
"109","Chipps",38.047866,-121.9338,"2013","Vemco","YoloAce"
"110","Chipps",38.050692,-121.932733,"2013","Vemco","YoloAce"
"111","Chipps",38.046202,-121.935575,"2013","Vemco","YoloAce"
"112","Chipps",38.052065,-121.931399,"2013","Vemco","YoloAce"
"115","SacMouth",38.17392,-121.6483,"2013","Vemco","YoloAce"
"116","Georgiana",38.23725,-121.5176,"2013","Vemco","YoloAce"
"117","Steamboat",38.28498,-121.5868,"2013","Vemco","YoloAce"
"118","Sutter",38.3286,-121.5778,"2013","Vemco","YoloAce"
"1100","1A",38.42108,-121.52695,"2016","Vemco","YBUS"
"598","2A",38.39487,-121.51367,"2016","Vemco","YBUS"
"910","3A",38.36158,-121.52232,"2016","Vemco","YBUS"
"1310","5A",38.33413,-121.56982,"2016","Vemco","YBUS"
"1710","Abv_swanston_180",38.5924755,-121.5867721,"2016","Vemco","YBUS"
"1810","YB_ToeDrain_Base",38.2904031,-121.6610132,"2016","Vemco","YBUS"
"1910","Lisbon Weir 180kHz",38.47475669,-121.5886227,"2016","Vemco","YBUS"
"2010","BF.1",38.45045,-121.5017167,"2016","Vemco","YBUS"
"2310","YB_BCE",38.22792,-121.67347,"2016","Vemco","YBUS"
"2410","YB_BCE2",38.22336,-121.67261,"2016","Vemco","YBUS"
"2510","YB_BCW",38.22786,-121.6758,"2016","Vemco","YBUS"
"2610","YB_BCW2",38.22304,-121.67489,"2016","Vemco","YBUS"
"2710","CCH.1",38.22212127,-121.6738046,"2016","Vemco","YBUS"
"3210","GEO.u",38.23426667,-121.51905,"2016","Vemco","YBUS"
"3310","YBUS_I80_180_1",38.572972,-121.584149,"2016","Vemco","YBUS"
"5310","LPS.u",38.09575,-121.4952167,"2016","Vemco","YBUS"
"5610","MAL.10b",38.04828333,-121.9327833,"2016","Vemco","YBUS"
"741","MOK.u",38.10975,-121.5793333,"2016","Vemco","YBUS"
"751","RD22",38.67756036,-121.64428,"2016","Vemco","YBUS"
"761","Abv_rstr",38.35338375,-121.6431812,"2016","Vemco","YBUS"
"801","SACD.4",38.17278333,-121.6499833,"2016","Vemco","YBUS"
"841","SACU.4",38.29988333,-121.5688833,"2016","Vemco","YBUS"
"861","SBE.u",38.33181667,-121.5843667,"2016","Vemco","YBUS"
"901","SBGU.2",38.2388,-121.5259,"2016","Vemco","YBUS"
"1061","STMD.4",38.19038333,-121.6402,"2016","Vemco","YBUS"
"1071","STMU.1",38.29983333,-121.58055,"2016","Vemco","YBUS"
"1091","Tisdale Weir",39.025019,-121.822511,"2016","Vemco","YBUS"
"1101","Verona",38.7821,-121.615,"2016","Vemco","YBUS"
"1111","Yolo Bypass @ Fremont Weir",38.762324,-121.651904,"2016","Vemco","YBUS"
"1121","Yolo Bypass @ I5",38.677746,-121.644409,"2016","Vemco","YBUS"
"1102","SJ_Antioch",38.02425,-121.8172667,"2010","Vemco","CM"
"2100","SJ_Antioch",38.02425,-121.8172667,"2007","Vemco","CM"
"3100","SJ_Antioch",38.02076667,-121.8203833,"2009","Vemco","CM"
"4100","SJ_Antioch",38.02076667,-121.8203833,"2007","Vemco","CM"
"599","SJ_Antioch",38.02076667,-121.8203833,"2008","Vemco","CM"
"610","SJ_Antioch",38.02076667,-121.8203833,"2011","Vemco","CM"
"710","SJ_Antioch",38.02076667,-121.8203833,"2010","Vemco","CM"
"810","BattleCk10",40.37568852,-122.1691084,"2007","Vemco","CM"
"911","Benicia Bridge",38.04376667,-122.12595,"2011","Vemco","CM"
"1010","Benicia Bridge",38.04376667,-122.12595,"2009","Vemco","CM"
"1110","Benicia Bridge",38.04376667,-122.12595,"2008","Vemco","CM"
"1210","Benicia Bridge",38.04376667,-122.12595,"2010","Vemco","CM"
"1311","Benicia Bridge",38.04376667,-122.12595,"2007","Vemco","CM"
"1410","Benicia Bridge",38.04243333,-122.1250167,"2009","Vemco","CM"
"1510","Benicia Bridge",38.04243333,-122.1250167,"2010","Vemco","CM"
"1610","Benicia Bridge",38.04243333,-122.1250167,"2011","Vemco","CM"
"1711","Benicia Bridge",38.04243333,-122.1250167,"2008","Vemco","CM"
"1811","Benicia Bridge",38.04243333,-122.1250167,"2007","Vemco","CM"
"1911","Benicia Bridge",38.04123333,-122.1238167,"2010","Vemco","CM"
"2011","Benicia Bridge",38.04123333,-122.1238167,"2011","Vemco","CM"
"2110","Benicia Bridge",38.04123333,-122.1238167,"2009","Vemco","CM"
"2210","Benicia Bridge",38.04123333,-122.1238167,"2008","Vemco","CM"
"2311","Benicia Bridge",38.04123333,-122.1238167,"2007","Vemco","CM"
"2411","Benicia Bridge",38.03896,-122.12192,"2008","Vemco","CM"
"2511","Benicia Bridge",38.03896,-122.12192,"2010","Vemco","CM"
"2611","Benicia Bridge",38.03896,-122.12192,"2011","Vemco","CM"
"2711","Benicia Bridge",38.03896,-122.12192,"2009","Vemco","CM"
"2810","Benicia Bridge",38.03896,-122.12192,"2007","Vemco","CM"
"2910","Benicia Bridge",38.03761667,-122.1210833,"2011","Vemco","CM"
"3010","Benicia Bridge",38.03761667,-122.1210833,"2008","Vemco","CM"
"3110","Benicia Bridge",38.03761667,-122.1210833,"2010","Vemco","CM"
"3211","Benicia Bridge",38.03761667,-122.1210833,"2007","Vemco","CM"
"3311","Benicia Bridge",38.03761667,-122.1210833,"2009","Vemco","CM"
"3410","Benicia Bridge",38.03645,-122.1201,"2011","Vemco","CM"
"3510","Benicia Bridge",38.03645,-122.1201,"2010","Vemco","CM"
"3610","Benicia Bridge",38.03645,-122.1201,"2008","Vemco","CM"
"3710","Benicia Bridge",38.03645,-122.1201,"2009","Vemco","CM"
"3810","Benicia Bridge",38.03994,-122.12301,"2010","Vemco","CM"
"3910","Benicia Bridge",38.03994,-122.12301,"2011","Vemco","CM"
"4010","Benicia Bridge",38.03994,-122.12301,"2009","Vemco","CM"
"4110","Benicia Bridge",38.03994,-122.12301,"2008","Vemco","CM"
"4210","Chipps Island",38.0465,-121.93805,"2007","Vemco","CM"
"4310","Chipps Island",38.04273,-121.89783,"2007","Vemco","CM"
"4410","Chipps Island",38.04636667,-121.92035,"2007","Vemco","CM"
"4510","Chipps Island",38.04628,-121.92974,"2008","Vemco","CM"
"4610","Chipps Island",38.04628,-121.92974,"2010","Vemco","CM"
"4710","Chipps Island",38.04628,-121.92974,"2007","Vemco","CM"
"4810","Chipps Island",38.04628,-121.92974,"2009","Vemco","CM"
"4910","Chipps Island",38.04832,-121.93108,"2008","Vemco","CM"
"5010","Chipps Island",38.04832,-121.93108,"2010","Vemco","CM"
"5110","Chipps Island",38.04832,-121.93108,"2009","Vemco","CM"
"5210","Chipps Island",38.04832,-121.93108,"2007","Vemco","CM"
"5311","Chipps Island",38.04977,-121.93125,"2008","Vemco","CM"
"5410","Chipps Island",38.04977,-121.93125,"2010","Vemco","CM"
"5510","Chipps Island",38.04977,-121.93125,"2007","Vemco","CM"
"5611","Chipps Island",38.04977,-121.93125,"2009","Vemco","CM"
"5710","Chipps Island",38.05111,-121.92694,"2008","Vemco","CM"
"5810","Chipps Island",38.05111,-121.92694,"2011","Vemco","CM"
"5910","Chipps Island",38.05111,-121.92694,"2009","Vemco","CM"
"601","Chipps Island",38.05111,-121.92694,"2010","Vemco","CM"
"611","Chipps Island",38.04398,-121.93089,"2008","Vemco","CM"
"621","Chipps Island",38.04398,-121.93089,"2011","Vemco","CM"
"631","Chipps Island",38.04398,-121.93089,"2009","Vemco","CM"
"641","Chipps Island",38.04398,-121.93089,"2010","Vemco","CM"
"651","Chipps Island",38.05007,-121.8982,"2011","Vemco","CM"
"661","Chipps Island",38.05007,-121.8982,"2009","Vemco","CM"
"671","Chipps Island",38.05007,-121.8982,"2010","Vemco","CM"
"681","Chipps Island",38.05007,-121.8982,"2008","Vemco","CM"
"691","Chipps Island",38.04084,-121.9086,"2010","Vemco","CM"
"701","Chipps Island",38.04084,-121.9086,"2011","Vemco","CM"
"711","Chipps Island",38.04084,-121.9086,"2009","Vemco","CM"
"721","Chipps Island",38.04084,-121.9086,"2008","Vemco","CM"
"731","Chipps Island",38.04819,-121.93054,"2010","Vemco","CM"
"742","Chipps Island",38.04819,-121.93054,"2009","Vemco","CM"
"752","ChippMontezuma",38.07188,-121.87516,"2008","Vemco","CM"
"762","ChippMontezuma",38.07188,-121.87516,"2009","Vemco","CM"
"771","SJ_CurtisLanding",38.032633,-121.736683,"2007","Vemco","CM"
"781","SJ_CurtisLanding",38.032633,-121.736683,"2008","Vemco","CM"
"791","SJ_CurtisLanding",38.032633,-121.736683,"2007","Vemco","CM"
"802","SJ_CurtisLanding",38.032633,-121.736683,"2008","Vemco","CM"
"811","Decker_IsN",38.10252,-121.7169,"2011","Vemco","CM"
"821","Decker_IsN",38.10252,-121.7169,"2010","Vemco","CM"
"831","Decker_IsN",38.10252,-121.7169,"2009","Vemco","CM"
"842","Decker_IsS",38.076983,-121.7534,"2007","Vemco","CM"
"851","Decker_IsS",38.076983,-121.7534,"2008","Vemco","CM"
"862","Decker_IsS",38.0831,-121.7594667,"2010","Vemco","CM"
"871","Decker_IsS",38.0831,-121.7594667,"2011","Vemco","CM"
"881","Decker_IsS",38.0831,-121.7594667,"2009","Vemco","CM"
"891","Decker_IsS",38.0831,-121.7594667,"2007","Vemco","CM"
"902","Decker_IsS",38.0831,-121.7594667,"2008","Vemco","CM"
"912","Antioch_Br",38.019722,-121.750277,"2007","Vemco","CM"
"921","Antioch_Br",38.019722,-121.750277,"2008","Vemco","CM"
"931","Antioch_Br",38.019722,-121.750277,"2007","Vemco","CM"
"941","Antioch_Br",38.019722,-121.750277,"2008","Vemco","CM"
"951","FR_Mouth",38.79367,-121.630194,"2007","Vemco","CM"
"961","FR_Mouth",38.79367,-121.630194,"2008","Vemco","CM"
"971","FR_Verona",38.795563,-121.629937,"2010","Vemco","CM"
"981","FR_Verona",38.795563,-121.629937,"2009","Vemco","CM"
"991","FR_Verona",38.795563,-121.629937,"2011","Vemco","CM"
"1001","FR_Verona",38.80155,-121.63466,"2010","Vemco","CM"
"1011","FR_Verona",38.80155,-121.63466,"2009","Vemco","CM"
"1021","FranksTractE",38.07126667,-121.5783667,"2009","Vemco","CM"
"1031","FranksTractE",38.07126667,-121.5783667,"2008","Vemco","CM"
"1041","FranksTractE",38.07126667,-121.5783667,"2010","Vemco","CM"
"1051","FranksTractE",38.07126667,-121.5783667,"2007","Vemco","CM"
"1062","FranksTractW",38.05546667,-121.6671167,"2008","Vemco","CM"
"1072","FranksTractW",38.05546667,-121.6671167,"2009","Vemco","CM"
"1081","FranksTractW",38.05546667,-121.6671167,"2007","Vemco","CM"
"1092","Georg_SloughN",38.23725,-121.5176167,"2007","Vemco","CM"
"1103","Georg_SloughN",38.23725,-121.5176167,"2008","Vemco","CM"
"1112","Georg_SloughN",38.23725,-121.5176167,"2011","Vemco","CM"
"1122","Georg_SloughN",38.23725,-121.5176167,"2010","Vemco","CM"
"113","Georg_SloughN",38.23725,-121.5176167,"2009","Vemco","CM"
"114","Georgiana_SloughN1",38.23006,-121.52337,"2009","Vemco","CM"
"1151","Georgiana_SloughN1",38.23006,-121.52337,"2008","Vemco","CM"
"1161","Georg_SloughN",38.235875,-121.517832,"2010","Vemco","CM"
"1171","Georg_SloughN",38.235875,-121.517832,"2011","Vemco","CM"
"1181","Georg_SloughS",38.13458806,-121.5922836,"2009","Vemco","CM"
"119","Georg_SloughS",38.13458806,-121.5922836,"2008","Vemco","CM"
"120","Georg_SloughS",38.13458806,-121.5922836,"2011","Vemco","CM"
"121","Georg_SloughS",38.13458806,-121.5922836,"2010","Vemco","CM"
"122","Georg_SloughS",38.13458806,-121.5922836,"2007","Vemco","CM"
"123","HorseshoeBend",38.095883,-121.709533,"2008","Vemco","CM"
"124","HorseshoeBend",38.095883,-121.709533,"2007","Vemco","CM"
"125","HorseshoeBend",38.092967,-121.706967,"2008","Vemco","CM"
"126","HorseshoeBend",38.092967,-121.706967,"2007","Vemco","CM"
"127","HorseshoeBend",38.092967,-121.706967,"2008","Vemco","CM"
"128","HorseshoeBend",38.092967,-121.706967,"2007","Vemco","CM"
"129","HorseshoeBend",38.083767,-121.711517,"2008","Vemco","CM"
"130","HorseshoeBend",38.083767,-121.711517,"2007","Vemco","CM"
"131","HorseshoeBend",38.081694,-121.721028,"2008","Vemco","CM"
"132","HorseshoeBend",38.081694,-121.721028,"2007","Vemco","CM"
"133","HorseshoeBend",38.0809,-121.730133,"2008","Vemco","CM"
"134","HorseshoeBend",38.0809,-121.730133,"2007","Vemco","CM"
"135","HorseshoeBend",38.0809,-121.730133,"2007","Vemco","CM"
"136","HorseshoeBend",38.0809,-121.730133,"2008","Vemco","CM"
"137","HorseshoeBend",38.084383,-121.73895,"2008","Vemco","CM"
"138","HorseshoeBend",38.084383,-121.73895,"2007","Vemco","CM"
"139","HorseshoeBend",38.084383,-121.73895,"2008","Vemco","CM"
"140","HorseshoeBend",38.084383,-121.73895,"2007","Vemco","CM"
"141","SJ_LittleConnection",38.05786,-121.5013,"2008","Vemco","CM"
"142","Martinez_Marina",38.02779,-122.13839,"2009","Vemco","CM"
"143","Martinez_Marina",38.02779,-122.13839,"2010","Vemco","CM"
"144","Martinez_Marina",38.02779,-122.13839,"2011","Vemco","CM"
"145","Martinez_Marina",38.02779,-122.13839,"2008","Vemco","CM"
"146","MiddleRv",37.9425,-121.5336833,"2008","Vemco","CM"
"147","MiddleRv_Medford",38.02748,-121.52226,"2008","Vemco","CM"
"148","MiddleRv_Medford",38.02748,-121.52226,"2010","Vemco","CM"
"149","MinerSlough_N",38.29174,-121.63097,"2011","Vemco","CM"
"150","MinerSlough_N",38.29174,-121.63097,"2009","Vemco","CM"
"151","MinerSlough_N",38.29174,-121.63097,"2008","Vemco","CM"
"152","MinerSlough_N",38.29174,-121.63097,"2010","Vemco","CM"
"153","MinerSlough_N",38.29174,-121.63097,"2007","Vemco","CM"
"154","MinerSlough_S",38.25253,-121.65601,"2008","Vemco","CM"
"155","MinerSlough_S",38.25253,-121.65601,"2007","Vemco","CM"
"156","MinerSlough_S",38.25253,-121.65601,"2009","Vemco","CM"
"157","MinerSlough_S",38.25253,-121.65601,"2010","Vemco","CM"
"158","Mok_GeorgianaS",38.12671667,-121.5777833,"2009","Vemco","CM"
"159","Mok_GeorgianaS",38.12671667,-121.5777833,"2011","Vemco","CM"
"160","Mok_GeorgianaS",38.12671667,-121.5777833,"2010","Vemco","CM"
"161","Mok_GeorgianaS",38.12671667,-121.5777833,"2007","Vemco","CM"
"162","Mok_GeorgianaS",38.12671667,-121.5777833,"2008","Vemco","CM"
"163","Mok_Tower_Pk",38.10982417,-121.5004814,"2008","Vemco","CM"
"164","Mok_Will_Berm_Mar",38.10607278,-121.5687919,"2008","Vemco","CM"
"165","Mok_Will_Berm_Mar",38.10607278,-121.5687919,"2009","Vemco","CM"
"166","Mok_Will_Berm_Mar",38.10607278,-121.5687919,"2011","Vemco","CM"
"167","Mok_Will_Berm_Mar",38.10607278,-121.5687919,"2010","Vemco","CM"
"168","Mok_Will_Berm_Mar",38.10607278,-121.5687919,"2007","Vemco","CM"
"169","MontezumaWest",38.17069,-122.03905,"2010","Vemco","CM"
"170","MontezumaWest",38.17069,-122.03905,"2009","Vemco","CM"
"171","OldRv",37.96791667,-121.5744333,"2009","Vemco","CM"
"172","SJ_VulcanIs",37.98976,-121.39962,"2008","Vemco","CM"
"173","SJ_VulcanIs",37.98976,-121.39962,"2007","Vemco","CM"
"174","SJ_VeniceCut",38.0539,-121.52605,"2008","Vemco","CM"
"175","San Joaquin Delta",38.10327,-121.59132,"2007","Vemco","CM"
"176","PotatoSlough",38.0864,-121.56249,"2009","Vemco","CM"
"177","PotatoSlough",38.0864,-121.56249,"2010","Vemco","CM"
"178","PotatoSlough",38.0864,-121.56249,"2011","Vemco","CM"
"179","PotatoSlough",38.0864,-121.56249,"2008","Vemco","CM"
"180","Quimby",38.03381,-121.5716,"2008","Vemco","CM"
"181","SR_RioVista",38.15673333,-121.67955,"2008","Vemco","CM"
"182","SR_RioVista",38.15673333,-121.67955,"2010","Vemco","CM"
"183","SR_RioVista",38.15673333,-121.67955,"2007","Vemco","CM"
"184","SR_RioVista",38.15673333,-121.67955,"2011","Vemco","CM"
"185","SR_RioVista",38.15673333,-121.67955,"2009","Vemco","CM"
"186","SR_RioVista",38.15869,-121.68384,"2011","Vemco","CM"
"187","SR_RioVista",38.15869,-121.68384,"2008","Vemco","CM"
"188","SR_RioVista",38.15869,-121.68384,"2009","Vemco","CM"
"189","SR_RioVista",38.15869,-121.68384,"2010","Vemco","CM"
"190","SR_RioVista",38.15869,-121.68384,"2007","Vemco","CM"
"191","SR_RioVista",38.15906,-121.68491,"2010","Vemco","CM"
"192","SR_RioVista",38.15906,-121.68491,"2011","Vemco","CM"
"193","SR_RioVista",38.15906,-121.68491,"2008","Vemco","CM"
"194","SR_RioVista",38.15906,-121.68491,"2007","Vemco","CM"
"195","SR_RioVista",38.15906,-121.68491,"2009","Vemco","CM"
"196","SandMound",38.01443,-121.61097,"2009","Vemco","CM"
"197","SJ_PrisonersPt",38.05853333,-121.5568167,"2010","Vemco","CM"
"198","SJ_PrisonersPt",38.05853333,-121.5568167,"2008","Vemco","CM"
"199","SJ_PrisonersPt",38.05853333,-121.5568167,"2009","Vemco","CM"
"200","SJ_PrisonersPt",38.05853333,-121.5568167,"2007","Vemco","CM"
"201","SJ_PrisonersPt",38.05853333,-121.5568167,"2011","Vemco","CM"
"202","SJ_Blw_False",38.05212,-121.69429,"2008","Vemco","CM"
"203","SJ_Blw_False",38.05212,-121.69429,"2007","Vemco","CM"
"204","SJ_Blw_False",38.04989,-121.69391,"2007","Vemco","CM"
"205","SJ_Blw_False",38.04989,-121.69391,"2008","Vemco","CM"
"206","SJ_Blw_False",38.049912,-121.69091,"2010","Vemco","CM"
"207","SJ_Blw_False",38.049912,-121.69091,"2011","Vemco","CM"
"208","SJ_Blw_False",38.049912,-121.69091,"2009","Vemco","CM"
"209","SJ_MedfordChannel",38.05398,-121.5112,"2008","Vemco","CM"
"210","SJ_MedfordChannel",38.05398,-121.5112,"2010","Vemco","CM"
"211","SR_AbvAmerican",38.60308801,-121.5154627,"2010","Vemco","CM"
"212","SR_AbvAmerican",38.6021199,-121.5159509,"2010","Vemco","CM"
"213","SR_AbvAmerican",38.6021199,-121.5159509,"2011","Vemco","CM"
"214","SR_AbvAntelopeCk",40.08571,-122.1223,"2009","Vemco","CM"
"215","SR_AbvAntelopeCk",40.08571,-122.1223,"2010","Vemco","CM"
"216","SR_AbvAntelopeCk",40.08571,-122.1223,"2008","Vemco","CM"
"217","SR_AbvChicoCk",39.73273,-121.95631,"2007","Vemco","CM"
"218","SR_AbvColusaBr",39.21616667,-122.0070667,"2007","Vemco","CM"
"219","SR_AbvColusaBr",39.21616667,-122.0070667,"2008","Vemco","CM"
"220","SR_AbvColusaBr",39.21616667,-122.0070667,"2009","Vemco","CM"
"221","SR_AbvColusaBr",39.21616667,-122.0070667,"2010","Vemco","CM"
"222","SR_AbvColusaBr",39.2164,-122.00872,"2007","Vemco","CM"
"223","SR_AbvColusaBr",39.2164,-122.00872,"2008","Vemco","CM"
"224","SR_AbvColusaBr",39.2164,-122.00872,"2009","Vemco","CM"
"225","SR_AbvColusaBr",39.2164,-122.00872,"2010","Vemco","CM"
"226","SR_AbvDeerCk",39.96222,-122.09214,"2007","Vemco","CM"
"227","SR_AbvFeather1",38.76895,-121.63317,"2010","Vemco","CM"
"228","SR_AbvFeather1",38.76895,-121.63317,"2009","Vemco","CM"
"229","SR_AbvFeather1",38.76895,-121.63317,"2007","Vemco","CM"
"230","SR_AbvFeather1",38.76895,-121.63317,"2008","Vemco","CM"
"231","SR_AbvFeather1",38.76895,-121.63317,"2011","Vemco","CM"
"232","SR_AbvFeather1",38.77024,-121.63306,"2010","Vemco","CM"
"233","SR_AbvFeather1",38.77024,-121.63306,"2009","Vemco","CM"
"234","SR_AbvFeather1",38.77024,-121.63306,"2007","Vemco","CM"
"235","SR_AbvFeather1",38.77024,-121.63306,"2008","Vemco","CM"
"236","SR_AbvFeather1",38.77024,-121.63306,"2011","Vemco","CM"
"237","SR_AbvGCID",39.80613,-122.05833,"2008","Vemco","CM"
"238","SR_AbvGCID",39.80613,-122.05833,"2009","Vemco","CM"
"239","SR_AbvGCID",39.80613,-122.05833,"2010","Vemco","CM"
"240","SR_AbvOrd",39.63176,-121.99278,"2008","Vemco","CM"
"241","SR_AbvOrd",39.63176,-121.99278,"2007","Vemco","CM"
"242","SR_AbvOrd",39.63051,-121.99306,"2007","Vemco","CM"
"243","SR_AbvOrd",39.63051,-121.99306,"2008","Vemco","CM"
"244","SR_AbvOrd",39.63051,-121.99306,"2009","Vemco","CM"
"245","SR_AbvOrd",39.63051,-121.99306,"2010","Vemco","CM"
"246","SR_Abv_RBDD",40.15838,-122.2123,"2010","Vemco","CM"
"247","SR_Abv_RBDD",40.15838,-122.2123,"2007","Vemco","CM"
"248","SR_Abv_RBDD",40.15838,-122.2123,"2009","Vemco","CM"
"249","SR_Abv_RBDD",40.15838,-122.2123,"2008","Vemco","CM"
"250","SR_RedBluff",40.19932,-122.22157,"2009","Vemco","CM"
"251","SR_RedBluff",40.19932,-122.22157,"2007","Vemco","CM"
"252","SR_RedBluff",40.19932,-122.22157,"2008","Vemco","CM"
"253","SR_RedBluff",40.19932,-122.22157,"2010","Vemco","CM"
"254","SR_RedBluff",40.20076,-122.22135,"2010","Vemco","CM"
"255","SR_RedBluff",40.20076,-122.22135,"2007","Vemco","CM"
"256","SR_RedBluff",40.20076,-122.22135,"2009","Vemco","CM"
"257","SR_RedBluff",40.20076,-122.22135,"2008","Vemco","CM"
"258","SR_AbvSutterSteam",38.25777,-121.60048,"2010","Vemco","CM"
"259","SR_AbvSutterSteam",38.25777,-121.60048,"2011","Vemco","CM"
"260","SR_AbvThomes",40.0035,-122.1059167,"2007","Vemco","CM"
"261","SR_AbvThomes",40.0035,-122.1059167,"2008","Vemco","CM"
"262","SR_AbvThomes",40.0046,-122.10593,"2010","Vemco","CM"
"263","SR_AbvThomes",40.0046,-122.10593,"2008","Vemco","CM"
"264","SR_AbvThomes",40.0046,-122.10593,"2007","Vemco","CM"
"265","SR_AbvThomes",40.0046,-122.10593,"2009","Vemco","CM"
"266","SR_AbvTisdale",39.0349,-121.82935,"2008","Vemco","CM"
"267","SR_AbvTisdale",39.0349,-121.82935,"2009","Vemco","CM"
"268","SR_AbvTisdale",39.0349,-121.82935,"2010","Vemco","CM"
"269","SR_AbvTisdale",39.03581,-121.82935,"2007","Vemco","CM"
"270","SR_AbvTisdale",39.03581,-121.82935,"2008","Vemco","CM"
"271","SR_AbvTisdale",39.03581,-121.82935,"2011","Vemco","CM"
"272","SR_AbvTisdale",39.03581,-121.82935,"2009","Vemco","CM"
"273","SR_AbvTisdale",39.03581,-121.82935,"2010","Vemco","CM"
"274","SR_AbvToomes",39.95873,-122.08691,"2009","Vemco","CM"
"275","SR_AbvToomes",39.95873,-122.08691,"2010","Vemco","CM"
"276","SR_AbvToomes",39.95873,-122.08691,"2008","Vemco","CM"
"277","SR_BendBridge",40.26765,-122.2144833,"2008","Vemco","CM"
"278","SR_BendBridge",40.26765,-122.2144833,"2010","Vemco","CM"
"279","SR_BendBridge",40.26765,-122.2144833,"2007","Vemco","CM"
"280","SR_BendBridge",40.26765,-122.2144833,"2009","Vemco","CM"
"281","SR_BendBridge",40.26821,-122.21555,"2009","Vemco","CM"
"282","SR_BendBridge",40.26821,-122.21555,"2007","Vemco","CM"
"283","SR_BendBridge",40.26821,-122.21555,"2010","Vemco","CM"
"284","SR_BendBridge",40.26821,-122.21555,"2008","Vemco","CM"
"285","SR_BlwAntelopeCk",40.07591,-122.12418,"2008","Vemco","CM"
"286","SR_BlwAntelopeCk",40.07591,-122.12418,"2009","Vemco","CM"
"287","SR_BlwAntelopeCk",40.07591,-122.12418,"2010","Vemco","CM"
"288","SR_BlwButte",39.34893,-122.01784,"2008","Vemco","CM"
"289","SR_BlwButte",39.34893,-122.01784,"2010","Vemco","CM"
"290","SR_BlwButte",39.34893,-122.01784,"2009","Vemco","CM"
"291","SR_BlwButte",39.34893,-122.01784,"2007","Vemco","CM"
"292","SR_BlwButte",39.34917,-122.01801,"2007","Vemco","CM"
"293","SR_BlwButte",39.34917,-122.01801,"2008","Vemco","CM"
"294","SR_BlwButte",39.34917,-122.01801,"2009","Vemco","CM"
"295","SR_BlwButte",39.34917,-122.01801,"2010","Vemco","CM"
"296","SR_BlwChinaBend",38.88333,-121.8167,"2009","Vemco","CM"
"297","SR_BlwChinaBend",38.88333,-121.8167,"2008","Vemco","CM"
"298","SR_BlwChinaBend",38.88333,-121.8167,"2007","Vemco","CM"
"299","SR_BlwChinaBend",38.88333,-121.8167,"2011","Vemco","CM"
"300","SR_BlwChinaBend",38.88333,-121.8167,"2010","Vemco","CM"
"301","SR_BlwChinaBend",38.88435,-121.8167,"2010","Vemco","CM"
"302","SR_BlwChinaBend",38.88435,-121.8167,"2008","Vemco","CM"
"303","SR_BlwChinaBend",38.88435,-121.8167,"2007","Vemco","CM"
"304","SR_BlwChinaBend",38.88435,-121.8167,"2009","Vemco","CM"
"305","SR_BlwChinaBend",38.88435,-121.8167,"2011","Vemco","CM"
"306","SR_BlwDeerCk",39.95646667,-122.0787167,"2007","Vemco","CM"
"307","SR_BlwDryCk",39.98035,-122.0944667,"2007","Vemco","CM"
"308","SR_BlwGCID",39.79129,-122.03784,"2007","Vemco","CM"
"309","SR_BlwGCID",39.79129,-122.03784,"2010","Vemco","CM"
"310","SR_BlwGCID",39.79129,-122.03784,"2008","Vemco","CM"
"311","SR_BlwGCID",39.79129,-122.03784,"2009","Vemco","CM"
"312","SR_BlwGCID",39.79094,-122.0368,"2007","Vemco","CM"
"313","SR_BlwGCID",39.79094,-122.0368,"2009","Vemco","CM"
"314","SR_BlwGCID",39.79094,-122.0368,"2008","Vemco","CM"
"315","SR_BlwGCID",39.79094,-122.0368,"2010","Vemco","CM"
"316","SR_BlwGCID",39.79094,-122.0368,"2011","Vemco","CM"
"317","SR_BlwGeorgiana",38.23961,-121.52519,"2008","Vemco","CM"
"318","SR_BlwGeorgiana",38.23961,-121.52519,"2010","Vemco","CM"
"319","SR_BlwGeorgiana",38.23961,-121.52519,"2009","Vemco","CM"
"320","SR_BlwGeorgiana",38.23961,-121.52519,"2011","Vemco","CM"
"321","SR_BlwIrvineFinch",39.73136667,-121.9729333,"2008","Vemco","CM"
"322","SR_BlwIrvineFinch",39.73136667,-121.9729333,"2010","Vemco","CM"
"323","SR_BlwIrvineFinch",39.73136667,-121.9729333,"2009","Vemco","CM"
"324","SR_BlwIrvineFinch",39.73136667,-121.9729333,"2007","Vemco","CM"
"325","SR_BlwIrvineFinch",39.73149,-121.97423,"2008","Vemco","CM"
"326","SR_BlwIrvineFinch",39.73149,-121.97423,"2009","Vemco","CM"
"327","SR_BlwIrvineFinch",39.73149,-121.97423,"2010","Vemco","CM"
"328","SR_BlwIrvineFinch",39.73149,-121.97423,"2007","Vemco","CM"
"329","SR_BlwMillCk",40.04086667,-122.1147,"2007","Vemco","CM"
"330","SR_Blw_Ord",39.56528,-122.00141,"2009","Vemco","CM"
"331","SR_Blw_Ord",39.56528,-122.00141,"2007","Vemco","CM"
"332","SR_Blw_Ord",39.56528,-122.00141,"2008","Vemco","CM"
"333","SR_Blw_Ord",39.56482,-122.00021,"2009","Vemco","CM"
"334","SR_Blw_Ord",39.56482,-122.00021,"2008","Vemco","CM"
"335","SR_Blw_Ord",39.56482,-122.00021,"2010","Vemco","CM"
"336","SR_Blw_Ord",39.56482,-122.00021,"2007","Vemco","CM"
"337","SR_Blw_RBDD",40.15365,-122.1930333,"2010","Vemco","CM"
"338","SR_Blw_RBDD",40.15263333,-122.1942333,"2008","Vemco","CM"
"339","SR_Blw_RBDD",40.15263333,-122.1942333,"2010","Vemco","CM"
"340","SR_Blw_RBDD",40.15263333,-122.1942333,"2007","Vemco","CM"
"341","SR_Blw_RBDD",40.15263333,-122.1942333,"2009","Vemco","CM"
"342","SR_NewCk",40.14627,-122.1528,"2007","Vemco","CM"
"343","SR_NewCk",40.14627,-122.1528,"2008","Vemco","CM"
"344","SR_NewCk",40.14627,-122.1528,"2010","Vemco","CM"
"345","SR_NewCk",40.14627,-122.1528,"2009","Vemco","CM"
"346","SR_NewCk",40.146,-122.15194,"2010","Vemco","CM"
"347","SR_NewCk",40.146,-122.15194,"2008","Vemco","CM"
"348","SR_NewCk",40.146,-122.15194,"2007","Vemco","CM"
"349","SR_NewCk",40.146,-122.15194,"2009","Vemco","CM"
"350","SR_BlwSteam",38.29981667,-121.5697833,"2011","Vemco","CM"
"351","SR_BlwSteam",38.29981667,-121.5697833,"2008","Vemco","CM"
"352","SR_BlwSteam",38.29981667,-121.5697833,"2010","Vemco","CM"
"353","SR_BlwSteam",38.29981667,-121.5697833,"2009","Vemco","CM"
"354","SR_BoulderHole",40.30092,-122.15702,"2010","Vemco","CM"
"355","SR_BoulderHole",40.30092,-122.15702,"2009","Vemco","CM"
"356","SR_ButteCityBr",39.45716667,-121.9953167,"2007","Vemco","CM"
"357","SR_ButteCityBr",39.45716667,-121.9953167,"2009","Vemco","CM"
"358","SR_ButteCityBr",39.45716667,-121.9953167,"2008","Vemco","CM"
"359","SR_ButteCityBr",39.45716667,-121.9953167,"2010","Vemco","CM"
"360","SR_ButteCityBr",39.45685,-121.99487,"2008","Vemco","CM"
"361","SR_ButteCityBr",39.45685,-121.99487,"2007","Vemco","CM"
"362","SR_ButteCityBr",39.45685,-121.99487,"2010","Vemco","CM"
"363","SR_ButteCityBr",39.45685,-121.99487,"2009","Vemco","CM"
"364","SR_ChinaRapids",40.24489,-122.17663,"2010","Vemco","CM"
"365","SR_ChinaRapids",40.24489,-122.17663,"2007","Vemco","CM"
"366","SR_ChinaRapids",40.24489,-122.17663,"2008","Vemco","CM"
"367","SR_ChinaRapids",40.24489,-122.17663,"2009","Vemco","CM"
"368","SR_ChinaRapids",40.2444,-122.1778,"2010","Vemco","CM"
"369","SR_ChinaRapids",40.2444,-122.1778,"2007","Vemco","CM"
"370","SR_ChinaRapids",40.2444,-122.1778,"2008","Vemco","CM"
"371","SR_ChinaRapids",40.2444,-122.1778,"2009","Vemco","CM"
"372","SR_DCCNorth",38.25708333,-121.517,"2008","Vemco","CM"
"373","SR_DCCNorth",38.25708333,-121.517,"2007","Vemco","CM"
"374","SR_DCCSouth",38.24175,-121.5148,"2009","Vemco","CM"
"375","SR_DCCSouth",38.24175,-121.5148,"2008","Vemco","CM"
"376","SR_DCCSouth",38.24175,-121.5148,"2010","Vemco","CM"
"377","SR_DCCSouth",38.24175,-121.5148,"2011","Vemco","CM"
"378","SR_Elkhorn_2",38.658911,-121.606269,"2008","Vemco","CM"
"379","SR_Elkhorn_1",38.667765,-121.620185,"2008","Vemco","CM"
"380","SR_Elkhorn_1",38.667765,-121.620185,"2009","Vemco","CM"
"381","SR_Freeport",38.45556667,-121.5022,"2007","Vemco","CM"
"382","SR_Freeport",38.45556667,-121.5022,"2008","Vemco","CM"
"383","SR_Freeport",38.45556667,-121.5022,"2009","Vemco","CM"
"384","SR_Freeport",38.45556667,-121.5022,"2011","Vemco","CM"
"385","SR_Freeport",38.45556667,-121.5022,"2010","Vemco","CM"
"386","SR_Below_Freeport_2",38.435568,-121.524085,"2008","Vemco","CM"
"387","SR_Below_Freeport_2",38.435568,-121.524085,"2009","Vemco","CM"
"388","SR_Below_Freeport_2",38.435568,-121.524085,"2010","Vemco","CM"
"389","SR_Below_Freeport_1",38.437199,-121.508582,"2009","Vemco","CM"
"390","SR_Below_Freeport_1",38.437199,-121.508582,"2008","Vemco","CM"
"391","SR_Below_Freeport_1",38.437199,-121.508582,"2010","Vemco","CM"
"392","SR_Above_Freeport_1",38.469167,-121.504526,"2009","Vemco","CM"
"393","SR_Above_Freeport_1",38.469167,-121.504526,"2008","Vemco","CM"
"394","SR_Above_Freeport_1",38.469167,-121.504526,"2010","Vemco","CM"
"395","SR_Above_Freeport_2",38.473577,-121.518379,"2008","Vemco","CM"
"396","SR_Above_Freeport_2",38.473577,-121.518379,"2010","Vemco","CM"
"397","SR_Above_Freeport_2",38.473577,-121.518379,"2009","Vemco","CM"
"398","SR_GarciaBend",38.488712,-121.551882,"2008","Vemco","CM"
"399","SR_GarciaBend",38.488712,-121.551882,"2010","Vemco","CM"
"400","SR_GarciaBend",38.488712,-121.551882,"2009","Vemco","CM"
"401","SR_GarciaBend",38.489157,-121.554379,"2009","Vemco","CM"
"402","SR_GarciaBend",38.489157,-121.554379,"2010","Vemco","CM"
"403","SR_GarciaBend",38.489157,-121.554379,"2008","Vemco","CM"
"404","SR_I-80/50Br",38.5713,-121.5163,"2010","Vemco","CM"
"405","SR_I-80/50Br",38.5713,-121.5163,"2009","Vemco","CM"
"406","SR_I-80/50Br",38.5713,-121.5163,"2008","Vemco","CM"
"407","SR_I-80/50Br",38.5713,-121.5163,"2007","Vemco","CM"
"408","SR_I-80/50Br",38.5713,-121.5163,"2011","Vemco","CM"
"409","SR_I-80/50Br",38.57069,-121.51579,"2010","Vemco","CM"
"410","SR_I-80/50Br",38.57069,-121.51579,"2007","Vemco","CM"
"411","SR_I-80/50Br",38.57069,-121.51579,"2009","Vemco","CM"
"412","SR_I-80/50Br",38.57069,-121.51579,"2008","Vemco","CM"
"413","SR_IstBridge",38.58559694,-121.5064458,"2011","Vemco","CM"
"414","SR_IstBridge",38.58559694,-121.5064458,"2010","Vemco","CM"
"415","SR_IstBridge",38.586,-121.5063,"2011","Vemco","CM"
"416","SR_IstBridge",38.586,-121.5063,"2010","Vemco","CM"
"417","SR_JellysFerry",40.31771667,-122.1899667,"2007","Vemco","CM"
"418","SR_JellysFerry",40.31771667,-122.1899667,"2008","Vemco","CM"
"419","SR_JellysFerry",40.31707,-122.18977,"2007","Vemco","CM"
"420","SR_JellysFerry",40.31707,-122.18977,"2009","Vemco","CM"
"421","SR_JellysFerry",40.31707,-122.18977,"2008","Vemco","CM"
"422","SR_Ryde",38.23422,-121.558516,"2010","Vemco","CM"
"423","SR_Ryde",38.23422,-121.558516,"2008","Vemco","CM"
"424","SR_Ryde",38.23422,-121.558516,"2009","Vemco","CM"
"425","SR_Above_Ryde",38.240591,-121.544824,"2010","Vemco","CM"
"426","SR_Above_Ryde",38.240591,-121.544824,"2008","Vemco","CM"
"427","SR_Above_Ryde",38.240591,-121.544824,"2009","Vemco","CM"
"428","SR_DCCSouth",38.244265,-121.512557,"2009","Vemco","CM"
"429","SR_DCCSouth",38.244265,-121.512557,"2010","Vemco","CM"
"430","SR_DCCSouth",38.244265,-121.512557,"2008","Vemco","CM"
"431","SR_Above_SutterSlough",38.335696,-121.568286,"2010","Vemco","CM"
"432","SR_Above_SutterSlough",38.335696,-121.568286,"2008","Vemco","CM"
"433","SR_Above_SutterSlough",38.335696,-121.568286,"2009","Vemco","CM"
"434","SR_Below_KnightsLanding",38.765568,-121.690706,"2008","Vemco","CM"
"435","SR_Below_KnightsLanding",38.765568,-121.690706,"2009","Vemco","CM"
"436","SR_Above_KnightsLanding_1",38.812871,-121.723857,"2008","Vemco","CM"
"437","SR_Above_KnightsLanding_2",38.825708,-121.724037,"2009","Vemco","CM"
"438","SR_Above_KnightsLanding_2",38.825708,-121.724037,"2008","Vemco","CM"
"439","SR_Above_KnightsLanding_2",38.825708,-121.724037,"2010","Vemco","CM"
"440","SR_KnightsBr",38.80259,-121.71999,"2007","Vemco","CM"
"441","SR_KnightsBr",38.80259,-121.71999,"2008","Vemco","CM"
"442","SR_KnightsBr",38.80266,-121.71918,"2009","Vemco","CM"
"443","SR_KnightsBr",38.80266,-121.71918,"2008","Vemco","CM"
"444","SR_KnightsBr",38.80266,-121.71918,"2007","Vemco","CM"
"445","SR_KnightsBr",38.80266,-121.71918,"2010","Vemco","CM"
"446","SR_KnightsBr",38.80266,-121.71918,"2011","Vemco","CM"
"447","SR_KnightsLanding",38.80537,-121.72367,"2008","Vemco","CM"
"448","SR_KnightsLanding",38.80537,-121.72367,"2009","Vemco","CM"
"449","SR_KnightsLanding",38.80537,-121.72367,"2010","Vemco","CM"
"450","SR_KnightsLanding",38.80537,-121.72367,"2011","Vemco","CM"
"451","SR_SturgeonHole",40.31127,-122.14927,"2008","Vemco","CM"
"452","SR_SturgeonHole",40.31127,-122.14927,"2007","Vemco","CM"
"453","SR_Massacre_Flat",40.32114,-122.1522,"2009","Vemco","CM"
"454","SR_Massacre_Flat",40.32114,-122.1522,"2010","Vemco","CM"
"455","SR_Massacre_Flat",40.32114,-122.1522,"2008","Vemco","CM"
"456","SR_MeridianBr",39.14173333,-121.9208333,"2008","Vemco","CM"
"457","SR_MeridianBr",39.14173333,-121.9208333,"2009","Vemco","CM"
"458","SR_MeridianBr",39.14173333,-121.9208333,"2007","Vemco","CM"
"459","SR_MeridianBr",39.14173333,-121.9208333,"2010","Vemco","CM"
"460","SR_MeridianBr",39.14157,-121.9222,"2008","Vemco","CM"
"461","SR_MeridianBr",39.14157,-121.9222,"2009","Vemco","CM"
"462","SR_MeridianBr",39.14157,-121.9222,"2007","Vemco","CM"
"463","SR_MeridianBr",39.14157,-121.9222,"2010","Vemco","CM"
"464","SR_Mouth",38.17392,-121.64831,"2008","Vemco","CM"
"465","SR_Mouth",38.17392,-121.64831,"2011","Vemco","CM"
"466","SR_Mouth",38.17392,-121.64831,"2007","Vemco","CM"
"467","SR_Mouth",38.17392,-121.64831,"2009","Vemco","CM"
"468","SR_Mouth",38.17392,-121.64831,"2010","Vemco","CM"
"469","SR_OrdBend",39.62643333,-121.9895833,"2007","Vemco","CM"
"470","SR_RM69",38.66312,-121.61293,"2009","Vemco","CM"
"471","SR_RM69",38.66312,-121.61293,"2010","Vemco","CM"
"472","SR_RM69",38.66704,-121.61917,"2010","Vemco","CM"
"473","SR_RM69",38.66704,-121.61917,"2009","Vemco","CM"
"474","SR_RM69",38.6679,-121.61813,"2009","Vemco","CM"
"475","SR_RM69",38.6679,-121.61813,"2010","Vemco","CM"
"476","SR_RM69",38.66794,-121.6204,"2010","Vemco","CM"
"477","SR_RM69",38.66794,-121.6204,"2009","Vemco","CM"
"478","SR_RM69",38.66825,-121.61909,"2009","Vemco","CM"
"479","SR_RM69",38.66825,-121.61909,"2010","Vemco","CM"
"480","SR_RM69",38.66365,-121.61397,"2010","Vemco","CM"
"481","SR_RM69",38.66365,-121.61397,"2009","Vemco","CM"
"482","SR_RM69",38.66479,-121.61282,"2010","Vemco","CM"
"483","SR_RM69",38.66479,-121.61282,"2009","Vemco","CM"
"484","SR_RM72",38.69494,-121.63343,"2010","Vemco","CM"
"485","SR_RM72",38.69494,-121.63343,"2009","Vemco","CM"
"486","SR_RM72",38.69513,-121.63342,"2010","Vemco","CM"
"487","SR_RM72",38.69513,-121.63342,"2009","Vemco","CM"
"488","SR_RM72",38.69596,-121.63308,"2010","Vemco","CM"
"489","SR_RM72",38.69596,-121.63308,"2009","Vemco","CM"
"490","SR_RM72",38.69633,-121.63264,"2010","Vemco","CM"
"491","SR_RM72",38.69633,-121.63264,"2009","Vemco","CM"
"492","SR_RM72",38.69638,-121.63274,"2010","Vemco","CM"
"493","SR_RM72",38.69638,-121.63274,"2009","Vemco","CM"
"494","SR_RM85",38.7654,-121.69054,"2010","Vemco","CM"
"495","SR_RM85",38.7654,-121.69054,"2009","Vemco","CM"
"496","SR_RM85",38.76546,-121.69014,"2009","Vemco","CM"
"497","SR_RM85",38.76546,-121.69014,"2010","Vemco","CM"
"498","SR_RM85",38.76564,-121.69091,"2010","Vemco","CM"
"499","SR_RM85",38.76618,-121.69114,"2009","Vemco","CM"
"500","SR_RM85",38.76618,-121.69114,"2010","Vemco","CM"
"501","SR_RM85",38.76633,-121.69167,"2009","Vemco","CM"
"502","SR_RM85",38.76633,-121.69167,"2010","Vemco","CM"
"503","SR_RM92",38.81321,-121.72358,"2009","Vemco","CM"
"504","SR_RM92",38.81321,-121.72358,"2010","Vemco","CM"
"505","SR_RM92",38.81352,-121.72403,"2010","Vemco","CM"
"506","SR_RM92",38.81352,-121.72403,"2009","Vemco","CM"
"507","SR_RM92",38.81479,-121.72445,"2010","Vemco","CM"
"508","SR_RM92",38.81479,-121.72445,"2009","Vemco","CM"
"509","SR_Below_RioVista_Bridge",38.129823,-121.687957,"2010","Vemco","CM"
"510","SR_Below_RioVista_Bridge",38.129823,-121.687957,"2009","Vemco","CM"
"511","SR_Below_RioVista_Bridge",38.129823,-121.687957,"2008","Vemco","CM"
"512","SR_Below_RioVista_Bridge",38.129823,-121.687957,"2009","Vemco","CM"
"513","SR_RioVista",38.154499,-121.681125,"2010","Vemco","CM"
"514","SR_RioVista",38.154499,-121.681125,"2008","Vemco","CM"
"515","SR_RioVista",38.154499,-121.681125,"2009","Vemco","CM"
"516","SR_RioVista",38.157695,-121.678529,"2009","Vemco","CM"
"517","SR_RioVista",38.157695,-121.678529,"2010","Vemco","CM"
"518","SR_RioVista",38.157695,-121.678529,"2008","Vemco","CM"
"519","SR_Mouth",38.174448,-121.651056,"2010","Vemco","CM"
"520","SR_Mouth",38.174448,-121.651056,"2009","Vemco","CM"
"521","SR_Mouth",38.174448,-121.651056,"2008","Vemco","CM"
"522","SR_Isleton",38.163032,-121.616706,"2010","Vemco","CM"
"523","SR_Isleton",38.163032,-121.616706,"2008","Vemco","CM"
"524","SR_Isleton",38.163032,-121.616706,"2009","Vemco","CM"
"525","SR_Isleton",38.164704,-121.618446,"2010","Vemco","CM"
"526","SR_Isleton",38.164704,-121.618446,"2008","Vemco","CM"
"527","SR_Isleton",38.164704,-121.618446,"2009","Vemco","CM"
"528","SR_Ryde",38.23783333,-121.5572833,"2007","Vemco","CM"
"529","SR_Ryde",38.23783333,-121.5572833,"2008","Vemco","CM"
"530","SR_SRWTPD_VPS",38.5918,-121.5061,"2011","Vemco","CM"
"531","SR_SRWTPD_VPS",38.59233,-121.50687,"2011","Vemco","CM"
"532","SR_SRWTPD_VPS",38.5935,-121.5069,"2011","Vemco","CM"
"533","SR_SRWTPD_VPS",38.5915,-121.5066,"2011","Vemco","CM"
"534","SR_SRWTPD_VPS",38.5915,-121.5066,"2010","Vemco","CM"
"535","SR_SRWTPD_VPS",38.593,-121.5067,"2011","Vemco","CM"
"536","SR_SRWTPD_VPS",38.5908,-121.5059,"2011","Vemco","CM"
"537","SR_SRWTPD_VPS",38.5935,-121.5084,"2010","Vemco","CM"
"538","SR_SRWTPD_VPS",38.5935,-121.5084,"2011","Vemco","CM"
"539","SR_SRWTPD_VPS",38.5899,-121.5057,"2011","Vemco","CM"
"540","SR_SRWTPD_VPS",38.5896,-121.5075,"2011","Vemco","CM"
"541","SR_SRWTPD_VPS",38.5916,-121.5083,"2011","Vemco","CM"
"542","SR_SRWTPD_VPS",38.5916,-121.5083,"2010","Vemco","CM"
"543","SR_SRWTPD_VPS",38.5924,-121.5084,"2011","Vemco","CM"
"544","SR_SRWTPD_VPS",38.5907,-121.5077,"2011","Vemco","CM"
"545","SR_Steamboat",38.28498333,-121.5868333,"2011","Vemco","CM"
"546","SR_Steamboat",38.28498333,-121.5868333,"2009","Vemco","CM"
"547","SR_Steamboat",38.28498333,-121.5868333,"2007","Vemco","CM"
"548","SR_Steamboat",38.28498333,-121.5868333,"2010","Vemco","CM"
"549","SR_Steamboat",38.28498333,-121.5868333,"2008","Vemco","CM"
"550","SR_SteamboatS",38.18316667,-121.6579167,"2008","Vemco","CM"
"551","SR_SteamboatS",38.18316667,-121.6579167,"2007","Vemco","CM"
"552","SR_SteamboatS",38.18316667,-121.6579167,"2011","Vemco","CM"
"553","SR_SteamboatS",38.18316667,-121.6579167,"2009","Vemco","CM"
"554","SR_SteamboatS",38.18316667,-121.6579167,"2010","Vemco","CM"
"555","SR_SutterSlough",38.33188,-121.58284,"2007","Vemco","CM"
"556","SR_SutterSlough",38.33188,-121.58284,"2008","Vemco","CM"
"557","SR_SutterSlough",38.33188,-121.58284,"2009","Vemco","CM"
"558","SR_SutterSlough",38.33188,-121.58284,"2011","Vemco","CM"
"559","SR_SutterSlough",38.33188,-121.58284,"2010","Vemco","CM"
"560","SR_SutterSlough",38.33093,-121.58017,"2011","Vemco","CM"
"561","SR_SutterSlough",38.33093,-121.58017,"2009","Vemco","CM"
"562","SR_SutterSlough",38.33093,-121.58017,"2010","Vemco","CM"
"563","SR_SutterSteam",38.25243333,-121.6024333,"2008","Vemco","CM"
"564","SR_SutterSteam",38.25243333,-121.6024333,"2007","Vemco","CM"
"565","SR_SutterSteam",38.24627,-121.60255,"2009","Vemco","CM"
"566","SR_SutterSteam",38.24627,-121.60255,"2011","Vemco","CM"
"567","SR_SutterSteam",38.24627,-121.60255,"2010","Vemco","CM"
"568","SR_SutterSteam",38.24627,-121.60255,"2008","Vemco","CM"
"569","SR_SutterSteam",38.25107,-121.60273,"2009","Vemco","CM"
"570","SR_SutterSteam",38.25107,-121.60273,"2010","Vemco","CM"
"571","SR_SutterSteam",38.25107,-121.60273,"2011","Vemco","CM"
"572","SR_Tower",38.580308,-121.508,"2010","Vemco","CM"
"573","SR_Tower",38.580308,-121.508,"2011","Vemco","CM"
"574","SR_Tower",38.58051392,-121.5086992,"2011","Vemco","CM"
"575","SR_Tower",38.58051392,-121.5086992,"2010","Vemco","CM"
"576","SR_SturgeonHole",40.31256,-122.14945,"2009","Vemco","CM"
"577","SR_SturgeonHole",40.31256,-122.14945,"2008","Vemco","CM"
"578","SR_SturgeonHole",40.31256,-122.14945,"2010","Vemco","CM"
"579","SR_SturgeonHole",40.31256,-122.14945,"2007","Vemco","CM"
"580","SR_Woodson_Temp",39.91937,-122.08495,"2009","Vemco","CM"
"581","SR_Woodson_Temp",39.91937,-122.08495,"2008","Vemco","CM"
"582","SR_Woodson_Temp",39.91937,-122.08495,"2010","Vemco","CM"
"583","Steam_Marina",38.30286,-121.57902,"2010","Vemco","CM"
"584","Steam_Marina",38.30286,-121.57902,"2011","Vemco","CM"
"585","Steam_Marina",38.30286,-121.57902,"2009","Vemco","CM"
"586","Sutter_Blw_Miner",38.28426,-121.60399,"2011","Vemco","CM"
"587","Sutter_Blw_Miner",38.28426,-121.60399,"2010","Vemco","CM"
"588","ThreeMile",38.11446667,-121.68445,"2010","Vemco","CM"
"589","ThreeMile",38.11446667,-121.68445,"2007","Vemco","CM"
"590","ThreeMile",38.11446667,-121.68445,"2009","Vemco","CM"
"591","ThreeMile",38.11446667,-121.68445,"2011","Vemco","CM"
"592","ThreeMile",38.11446667,-121.68445,"2008","Vemco","CM"
"593","ThreeMile2",38.10521,-121.69419,"2009","Vemco","CM"
"594","ThreeMile2",38.10521,-121.69419,"2010","Vemco","CM"
"595","ThreeMile2",38.10521,-121.69419,"2011","Vemco","CM"
"596","Tracy_Fish_Facility",37.815869,-121.559094,"2008","Vemco","CM"
"597","Tracy_Fish_Facility",37.815897,-121.559011,"2008","Vemco","CM"
"1104","Abv_WoodsonBr",39.91819,-122.0861,"2017","JSATS","JSATS"
"2101","BlwOrd",39.56548,-122.0018,"2017","JSATS","JSATS"
"3101","BlwOrd",39.56478,-122.00032,"2017","JSATS","JSATS"
"4101","Colusa AC3",39.359334,-122.012899,"2017","JSATS","JSATS"
"5100","Colusa AC2",39.28007,-122.01891,"2017","JSATS","JSATS"
"612","Colusa AC2",39.27958,-122.017784,"2017","JSATS","JSATS"
"712","Colusa BC2",39.18557,-121.94306,"2017","JSATS","JSATS"
"812","AbvTisdale",39.0361,-121.829,"2017","JSATS","JSATS"
"913","AbvTisdale",39.0364,-121.82918,"2017","JSATS","JSATS"
"1012","Knights_RST",38.79368,-121.6907,"2017","JSATS","JSATS"
"1113","Knights_RST",38.79248,-121.69087,"2017","JSATS","JSATS"
"1211","Abv_FremontWeir",38.7594,-121.67165,"2017","JSATS","JSATS"
"1312","Blw_FremontWeir",38.77015,-121.6322,"2017","JSATS","JSATS"
"1411","Blw_FremontWeir",38.77268,-121.63204,"2017","JSATS","JSATS"
"1511","TowerBridge",38.58046,-121.5087,"2017","JSATS","JSATS"
"1611","SacTrawl1",38.54071,-121.51201,"2017","JSATS","JSATS"
"1712","Blw_Steamboat",38.3,-121.56998,"2017","JSATS","JSATS"
"1812","Hwy84Ferry",38.1901,-121.65765,"2017","JSATS","JSATS"
"1912","Hwy84Ferry",38.19062,-121.66009,"2017","JSATS","JSATS"
"2012","RioVistaBr",38.158563,-121.683758,"2017","JSATS","JSATS"
"2111","DeckerIsland",38.07568,-121.75524,"2017","JSATS","JSATS"
"2211","ChippsW",38.047743,-121.915287,"2017","JSATS","JSATS"
"2312","ChippsW",38.046298,-121.915567,"2017","JSATS","JSATS"
"2412","ChippsW",38.049103,-121.915108,"2017","JSATS","JSATS"
"2512","Benicia",38.04494,-122.1269,"2017","JSATS","JSATS"
"2612","BlwCowCr",40.45787,-122.22789,"2017","JSATS","JSATS"
"2712","I80_Br",38.57117,-121.51629,"2017","JSATS","JSATS"
"2811","I80_Br",38.570663,-121.515708,"2017","JSATS","JSATS"
"2911","I80_Br",38.57117,-121.51629,"2017","JSATS","JSATS"
"3011","SacTrawl2",38.53729,-121.51524,"2017","JSATS","JSATS"
"3111","Freeport",38.46467,-121.505,"2017","JSATS","JSATS"
"3212","Blw_Sutter",38.32445,-121.57745,"2017","JSATS","JSATS"
"3312","SR_Mouth",38.17236,-121.65096,"2017","JSATS","JSATS"
"3411","SR_Mouth",38.17303,-121.65331,"2017","JSATS","JSATS"
"3511","DeckerIsland",38.081273,-121.759482,"2017","JSATS","JSATS"
"3611","Benicia",38.04494,-122.1269,"2017","JSATS","JSATS"
"3711","Benicia",38.04494,-122.1269,"2017","JSATS","JSATS"
"3811","Benicia",38.04494,-122.1269,"2017","JSATS","JSATS"
"3911","BlwMoulton",39.32015,-122.02611,"2017","JSATS","JSATS"
"4011","AbvColusaBr",39.22117,-122.00654,"2017","JSATS","JSATS"
"4111","Bullock Bend",38.913201,-121.812405,"2017","JSATS","JSATS"
"4211","Bullock Bend",38.913041,-121.809324,"2017","JSATS","JSATS"
"4311","Bullock Bend",38.913688,-121.814132,"2017","JSATS","JSATS"
"4411","SutterSteamJunc",38.25163,-121.60279,"2017","JSATS","JSATS"
"4511","ThreeMile",38.11595,-121.68571,"2017","JSATS","JSATS"
"4611","AntiochBridge",38.028459,-121.75183,"2017","JSATS","JSATS"
"4711","ChippsW",38.044822,-121.915819,"2017","JSATS","JSATS"
"4811","ChippsW",38.043436,-121.916078,"2017","JSATS","JSATS"
"4911","Benicia",38.04494,-122.1269,"2017","JSATS","JSATS"
"5011","Colusa AC3",39.36038,-122.01373,"2017","JSATS","JSATS"
"5111","Colusa BC2",39.18534,-121.94201,"2017","JSATS","JSATS"
"5211","SacTrawl1",38.5414,-121.5134,"2017","JSATS","JSATS"
"5312","Hood",38.3617,-121.52033,"2017","JSATS","JSATS"
"5411","RioVistaBr",38.158994,-121.684739,"2017","JSATS","JSATS"
"5511","Benicia",38.04494,-122.1269,"2017","JSATS","JSATS"
"5612","Benicia",38.04494,-122.1269,"2017","JSATS","JSATS"
"5711","Blw_Paynes_Ck",40.2546,-122.1709,"2017","JSATS","JSATS"
"5811","Abv_FremontWeir",38.76009,-121.67145,"2017","JSATS","JSATS"
"5911","SutterSlough",38.33225,-121.58294,"2017","JSATS","JSATS"
"602","Abv_WoodsonBr",39.91819,-122.0861,"2017","JSATS","JSATS"
"613","GCID_blw",39.79022,-122.03549,"2017","JSATS","JSATS"
"622","Blw_IrvineFinch",39.73233,-121.9729,"2017","JSATS","JSATS"
"632","Blw_IrvineFinch",39.73233,-121.9729,"2017","JSATS","JSATS"
"642","ToeDrainRST",38.3525,-121.64337,"2017","JSATS","JSATS"
"652","ToeDrainRST",38.3523,-121.64395,"2017","JSATS","JSATS"
"662","YB_LibertyIsBase",38.22411,-121.67524,"2017","JSATS","JSATS"
"672","YB_LibertyIsBase",38.2243,-121.67281,"2017","JSATS","JSATS"
"682","Mill_Ck_Conf",40.0327,-122.11987,"2017","JSATS","JSATS"
"692","Butte6",38.78346,-121.63226,"2017","JSATS","JSATS"
"702","SutterSlough",38.33178,-121.58308,"2017","JSATS","JSATS"
"713","Hood",38.36219,-121.52247,"2017","JSATS","JSATS"
"722","Blw_Steamboat",38.30004,-121.56871,"2017","JSATS","JSATS"
"732","SteamboatSlough",38.30026,-121.58067,"2017","JSATS","JSATS"
"743","SacTrawl2",38.5385,-121.51613,"2017","JSATS","JSATS"
"753","Blw_Sutter",38.32402,-121.57584,"2017","JSATS","JSATS"
"763","GeorgeMok",38.12955,-121.58652,"2017","JSATS","JSATS"
"772","GeorgeMok",38.12946,-121.58521,"2017","JSATS","JSATS"
"782","AntiochBridge",38.025371,-121.751626,"2017","JSATS","JSATS"
"792","BlwGeorgiana",38.23956,-121.52522,"2017","JSATS","JSATS"
"803","ToeDrainBase",38.29076,-121.6608,"2017","JSATS","JSATS"
"813","Blw_Paynes_Ck",40.2546,-122.1709,"2017","JSATS","JSATS"
"822","GCID_blw",39.79212,-122.03654,"2017","JSATS","JSATS"
"832","SteamboatSlough",38.29958,-121.58037,"2017","JSATS","JSATS"
"843","BaseSutterSteam",38.18312,-121.65181,"2017","JSATS","JSATS"
"852","BlwGeorgiana",38.23825,-121.52699,"2017","JSATS","JSATS"
"863","ThreeMile",38.113547,-121.687289,"2017","JSATS","JSATS"
"872","AntiochBridge",38.023165,-121.751621,"2017","JSATS","JSATS"
"882","ToeDrainBase",38.2911,-121.66113,"2017","JSATS","JSATS"
"892","BlwCowCr",40.4608,-122.22787,"2017","JSATS","JSATS"
"903","Blw_Salt",40.14556,-122.151,"2017","JSATS","JSATS"
"914","MinorBlwSutter",38.28386,-121.60406,"2017","JSATS","JSATS"
"922","MinorBlwSutter",38.28379,-121.60348,"2017","JSATS","JSATS"
"932","AntiochBridge",38.024255,-121.751629,"2017","JSATS","JSATS"
"942","Blw_FRConf",38.77573,-121.60178,"2017","JSATS","JSATS"
"952","Blw_FRConf",38.77409,-121.60043,"2017","JSATS","JSATS"
"962","AntiochBridge",38.02095,-121.751611,"2017","JSATS","JSATS"
"972","Blw_Salt",40.14556,-122.151,"2017","JSATS","JSATS"
"982","Butte1",39.09834,-121.75655,"2017","JSATS","JSATS"
"992","Butte2",39.00687,-121.72227,"2017","JSATS","JSATS"
"1002","Butte2",39.00687,-121.72227,"2017","JSATS","JSATS"
"1013","Butte3",38.92734,-121.62995,"2017","JSATS","JSATS"
"1022","Butte3",38.9277,-121.63046,"2017","JSATS","JSATS"
"1032","Butte4",38.915024,-121.625419,"2017","JSATS","JSATS"
"1042","Butte5",38.85305,-121.65151,"2017","JSATS","JSATS"
"1052","Butte6",38.78201,-121.63675,"2017","JSATS","JSATS"
"1063","Benicia",38.04494,-122.1269,"2017","JSATS","JSATS"
"1073","BaseSutterSteam",38.18331,-121.65601,"2017","JSATS","JSATS"
"1082","Blw_Salt",40.14556,-122.151,"2013","JSATS","JSATS"
"1093","Abv_WoodsonBr",39.91819,-122.0861,"2013","JSATS","JSATS"
"1105","BlwOrd",39.56478,-122.00032,"2013","JSATS","JSATS"
"1114","AbvColusaBr",39.22117,-122.00654,"2013","JSATS","JSATS"
"1123","AbvTisdale",39.0364,-121.82918,"2013","JSATS","JSATS"
"1131","AbvTisdale",39.0357,-121.829,"2013","JSATS","JSATS"
"1141","TowerBridge",38.58046,-121.5087,"2013","JSATS","JSATS"
"1152","Freeport",38.46467,-121.505,"2013","JSATS","JSATS"
"1162","Freeport",38.46467,-121.505,"2013","JSATS","JSATS"
"1172","Blw_Steamboat",38.3,-121.56998,"2013","JSATS","JSATS"
"1182","Blw_Steamboat",38.30004,-121.56871,"2013","JSATS","JSATS"
"1191","BlwGeorgiana",38.23956,-121.52522,"2013","JSATS","JSATS"
"1201","BlwGeorgiana",38.23825,-121.52699,"2013","JSATS","JSATS"
"1212","RioVistaBr",38.158563,-121.683758,"2013","JSATS","JSATS"
"1221","RioVistaBr",38.158994,-121.684739,"2013","JSATS","JSATS"
"1231","DeckerIsland",38.07916,-121.75954,"2013","JSATS","JSATS"
"1241","DeckerIsland",38.081273,-121.759482,"2013","JSATS","JSATS"
"1251","Benicia",38.04494,-122.1269,"2013","JSATS","JSATS"
"1261","Benicia",38.04494,-122.1269,"2013","JSATS","JSATS"
"1271","Benicia",38.04494,-122.1269,"2013","JSATS","JSATS"
"1281","BlwCowCr",40.46013,-122.22765,"2013","JSATS","JSATS"
"1291","Blw_Salt",40.14556,-122.151,"2013","JSATS","JSATS"
"1301","Abv_WoodsonBr",39.91819,-122.0861,"2013","JSATS","JSATS"
"1313","Blw_IrvineFinch",39.73233,-121.9729,"2013","JSATS","JSATS"
"1321","BlwOrd",39.56548,-122.0018,"2013","JSATS","JSATS"
"1331","BlwButteBr",39.41799,-122.01043,"2013","JSATS","JSATS"
"1341","KnightsLanding",38.82319,-121.72336,"2013","JSATS","JSATS"
"1351","KnightsLanding",38.8229,-121.72411,"2013","JSATS","JSATS"
"1361","Blw_IrvineFinch",39.73233,-121.9729,"2013","JSATS","JSATS"
"1371","BlwButteBr",39.41863,-122.01007,"2013","JSATS","JSATS"
"1381","TowerBridge",38.58046,-121.5087,"2013","JSATS","JSATS"
"1391","DeckerIsland",38.07568,-121.75524,"2013","JSATS","JSATS"
"1401","DeckerIsland",38.07781,-121.75797,"2013","JSATS","JSATS"
"1412","Antioch",38.02076,-121.82018,"2013","JSATS","JSATS"
"1421","Blw_FRConf",38.77409,-121.60043,"2013","JSATS","JSATS"
"1431","SR_Mouth",38.17236,-121.65096,"2013","JSATS","JSATS"
"1441","Benicia",38.04494,-122.1269,"2013","JSATS","JSATS"
"1451","BlwCowCr",40.4608,-122.22787,"2014","JSATS","JSATS"
"1461","BlwCowCr",40.46013,-122.22765,"2014","JSATS","JSATS"
"1471","Blw_Paynes_Ck",40.2546,-122.1709,"2014","JSATS","JSATS"
"1481","Blw_Salt",40.14556,-122.151,"2014","JSATS","JSATS"
"1491","Mill_Ck_Conf",40.03397,-122.11948,"2014","JSATS","JSATS"
"1501","Mill_Ck_Conf",40.0327,-122.11987,"2014","JSATS","JSATS"
"1512","Abv_WoodsonBr",39.91819,-122.0861,"2014","JSATS","JSATS"
"1521","Blw_IrvineFinch",39.73233,-121.9729,"2014","JSATS","JSATS"
"1531","BlwOrd",39.56478,-122.00032,"2014","JSATS","JSATS"
"1541","AbvTisdale",39.0357,-121.829,"2014","JSATS","JSATS"
"1551","TowerBridge",38.58046,-121.5087,"2014","JSATS","JSATS"
"1561","TowerBridge",38.58046,-121.5087,"2014","JSATS","JSATS"
"1571","Hood",38.3617,-121.52033,"2014","JSATS","JSATS"
"1581","BaseSutterSteam",38.18331,-121.65601,"2014","JSATS","JSATS"
"1591","RioVistaBr",38.158563,-121.683758,"2014","JSATS","JSATS"
"1601","RioVistaBr",38.158994,-121.684739,"2014","JSATS","JSATS"
"1612","DeckerIsland",38.07781,-121.75797,"2014","JSATS","JSATS"
"1621","Benicia",38.04494,-122.1269,"2014","JSATS","JSATS"
"1631","Blw_Paynes_Ck",40.2546,-122.1709,"2014","JSATS","JSATS"
"1641","Blw_Salt",40.14556,-122.151,"2014","JSATS","JSATS"
"1651","BlwOrd",39.56548,-122.0018,"2014","JSATS","JSATS"
"1661","BlwButteBr",39.41863,-122.01007,"2014","JSATS","JSATS"
"1671","BlwButteBr",39.41799,-122.01043,"2014","JSATS","JSATS"
"1681","AbvColusaBr",39.22117,-122.00654,"2014","JSATS","JSATS"
"1691","BlwChinaBend",38.88246,-121.81771,"2014","JSATS","JSATS"
"1701","FreeportBr",38.45561,-121.501556,"2014","JSATS","JSATS"
"1713","Hood",38.36219,-121.52247,"2014","JSATS","JSATS"
"1721","Blw_Sutter",38.32445,-121.57745,"2014","JSATS","JSATS"
"1731","Blw_Sutter",38.32402,-121.57584,"2014","JSATS","JSATS"
"1741","Blw_Steamboat",38.3,-121.56998,"2014","JSATS","JSATS"
"1751","Georgiana_Slough",38.23388,-121.519,"2014","JSATS","JSATS"
"1761","Georgiana_Slough",38.23417,-121.5196,"2014","JSATS","JSATS"
"1771","ThreeMile",38.11595,-121.68571,"2014","JSATS","JSATS"
"1781","DeckerIsland",38.07568,-121.75524,"2014","JSATS","JSATS"
"1791","Benicia",38.04494,-122.1269,"2014","JSATS","JSATS"
"1801","BlwGeorgiana",38.23825,-121.52699,"2014","JSATS","JSATS"
"1813","Hwy84Ferry",38.19062,-121.66009,"2014","JSATS","JSATS"
"1821","Hwy84Ferry",38.1901,-121.65765,"2014","JSATS","JSATS"
"1831","Benicia",38.04494,-122.1269,"2014","JSATS","JSATS"
"1841","Benicia",38.04494,-122.1269,"2014","JSATS","JSATS"
"1851","Abv_WoodsonBr",39.91819,-122.0861,"2014","JSATS","JSATS"
"1861","Blw_IrvineFinch",39.73233,-121.9729,"2014","JSATS","JSATS"
"1871","BlwChinaBend",38.88396,-121.81711,"2014","JSATS","JSATS"
"1881","KnightsLanding",38.82319,-121.72336,"2014","JSATS","JSATS"
"1891","BlwGeorgiana",38.23956,-121.52522,"2014","JSATS","JSATS"
"1901","SR_Mouth",38.17236,-121.65096,"2014","JSATS","JSATS"
"1913","DeckerIsland",38.07916,-121.75954,"2014","JSATS","JSATS"
"1921","DeckerIsland",38.081273,-121.759482,"2014","JSATS","JSATS"
"1931","Benicia",38.04494,-122.1269,"2014","JSATS","JSATS"
"1941","Benicia",38.04494,-122.1269,"2014","JSATS","JSATS"
"1951","AbvTisdale",39.0364,-121.82918,"2014","JSATS","JSATS"
"1961","FreeportBr",38.455486,-121.502344,"2014","JSATS","JSATS"
"1971","Benicia",38.04494,-122.1269,"2014","JSATS","JSATS"
"1981","AntiochBridge",38.028459,-121.75183,"2014","JSATS","JSATS"
"1991","SR_Mouth",38.17303,-121.65331,"2014","JSATS","JSATS"
"2001","AntiochBridge",38.027212,-121.751816,"2014","JSATS","JSATS"
"2013","Blw_FRConf",38.77573,-121.60178,"2014","JSATS","JSATS"
"2021","SutterSlough",38.33225,-121.58294,"2014","JSATS","JSATS"
"2031","AbvColusaBr",39.21975,-122.00945,"2014","JSATS","JSATS"
"2041","SteamboatSlough",38.30026,-121.58067,"2014","JSATS","JSATS"
"2051","AntiochBridge",38.023165,-121.751621,"2014","JSATS","JSATS"
"2061","Blw_FRConf",38.77621,-121.60019,"2014","JSATS","JSATS"
"2071","KnightsLanding",38.8229,-121.72411,"2014","JSATS","JSATS"
"2081","BaseSutterSteam",38.18312,-121.65181,"2014","JSATS","JSATS"
"2091","BlwCowCr",40.46013,-122.22765,"2015","JSATS","JSATS"
"2102","Blw_Paynes_Ck",40.2546,-122.1709,"2015","JSATS","JSATS"
"2112","Blw_Paynes_Ck",40.2546,-122.1709,"2015","JSATS","JSATS"
"2121","Blw_Salt",40.14556,-122.151,"2015","JSATS","JSATS"
"2131","Blw_Salt",40.14556,-122.151,"2015","JSATS","JSATS"
"2141","Mill_Ck_Conf",40.03397,-122.11948,"2015","JSATS","JSATS"
"2151","Mill_Ck_Conf",40.0327,-122.11987,"2015","JSATS","JSATS"
"2161","Abv_WoodsonBr",39.91819,-122.0861,"2015","JSATS","JSATS"
"2171","Blw_IrvineFinch",39.73233,-121.9729,"2015","JSATS","JSATS"
"2181","Blw_IrvineFinch",39.73233,-121.9729,"2015","JSATS","JSATS"
"2191","AbvColusaBr",39.22117,-122.00654,"2015","JSATS","JSATS"
"2201","AbvTisdale",39.0364,-121.82918,"2015","JSATS","JSATS"
"2212","AbvTisdale",39.0361,-121.829,"2015","JSATS","JSATS"
"2221","BlwChinaBend",38.88396,-121.81711,"2015","JSATS","JSATS"
"2231","BlwChinaBend",38.88246,-121.81771,"2015","JSATS","JSATS"
"2241","KnightsLanding",38.82319,-121.72336,"2015","JSATS","JSATS"
"2251","Blw_FRConf",38.77815,-121.60226,"2015","JSATS","JSATS"
"2261","I80_Br",38.57117,-121.51629,"2015","JSATS","JSATS"
"2271","SutterSlough",38.33225,-121.58294,"2015","JSATS","JSATS"
"2281","SutterSlough",38.33178,-121.58308,"2015","JSATS","JSATS"
"2291","Hwy84Ferry",38.1901,-121.65765,"2015","JSATS","JSATS"
"2301","Hwy84Ferry",38.19062,-121.66009,"2015","JSATS","JSATS"
"2313","RioVistaBr",38.158994,-121.684739,"2015","JSATS","JSATS"
"2321","RioVistaBr",38.158563,-121.683758,"2015","JSATS","JSATS"
"2331","RioVistaBr",38.156733,-121.67955,"2015","JSATS","JSATS"
"2341","DeckerIsland",38.07916,-121.75954,"2015","JSATS","JSATS"
"2351","DeckerIsland",38.081273,-121.759482,"2015","JSATS","JSATS"
"2361","DeckerIsland",38.07781,-121.75797,"2015","JSATS","JSATS"
"2371","Benicia",38.04494,-122.1269,"2015","JSATS","JSATS"
"2381","Benicia",38.04494,-122.1269,"2015","JSATS","JSATS"
"2391","Benicia",38.04494,-122.1269,"2015","JSATS","JSATS"
"2401","Benicia",38.04494,-122.1269,"2015","JSATS","JSATS"
"2413","AbvColusaBr",39.21975,-122.00945,"2015","JSATS","JSATS"
"2421","Blw_Sutter",38.32445,-121.57745,"2015","JSATS","JSATS"
"2431","Blw_Steamboat",38.3,-121.56998,"2015","JSATS","JSATS"
"2441","BlwGeorgiana",38.23825,-121.52699,"2015","JSATS","JSATS"
"2451","BlwGeorgiana",38.23956,-121.52522,"2015","JSATS","JSATS"
"2461","BlwCowCr",40.4608,-122.22787,"2015","JSATS","JSATS"
"2471","Blw_FRConf",38.77573,-121.60178,"2015","JSATS","JSATS"
"2481","SteamboatSlough",38.29958,-121.58037,"2015","JSATS","JSATS"
"2491","SutterSteamJunc",38.25286,-121.60237,"2015","JSATS","JSATS"
"2501","SutterSteamJunc",38.25163,-121.60279,"2015","JSATS","JSATS"
"2513","BaseSutterSteam",38.18312,-121.65181,"2015","JSATS","JSATS"
"2521","AntiochBridge",38.025371,-121.751626,"2015","JSATS","JSATS"
"2531","AntiochBridge",38.024255,-121.751629,"2015","JSATS","JSATS"
"2541","Benicia",38.04494,-122.1269,"2015","JSATS","JSATS"
"2551","BlwOrd",39.56478,-122.00032,"2015","JSATS","JSATS"
"2561","Hood",38.36219,-121.52247,"2015","JSATS","JSATS"
"2571","Blw_Sutter",38.32402,-121.57584,"2015","JSATS","JSATS"
"2581","SR_Mouth",38.17236,-121.65096,"2015","JSATS","JSATS"
"2591","SR_Mouth",38.17303,-121.65331,"2015","JSATS","JSATS"
"2601","DeckerIsland",38.07568,-121.75524,"2015","JSATS","JSATS"
"2613","BlwOrd",39.56548,-122.0018,"2015","JSATS","JSATS"
"2621","MeridanBr",39.1427,-121.91838,"2015","JSATS","JSATS"
"2631","Blw_FRConf",38.77409,-121.60043,"2015","JSATS","JSATS"
"2641","Benicia",38.04494,-122.1269,"2015","JSATS","JSATS"
"2651","Benicia",38.04494,-122.1269,"2015","JSATS","JSATS"
"2661","Benicia",38.04494,-122.1269,"2015","JSATS","JSATS"
"2671","Georgiana_Slough",38.23417,-121.5196,"2015","JSATS","JSATS"
"2681","Georgiana_Slough",38.23388,-121.519,"2015","JSATS","JSATS"
"2691","GeorgeMok",38.12955,-121.58652,"2015","JSATS","JSATS"
"2701","GeorgeMok",38.12946,-121.58521,"2015","JSATS","JSATS"
"2713","AntiochBridge",38.027212,-121.751816,"2015","JSATS","JSATS"
"2721","AntiochBridge",38.028459,-121.75183,"2015","JSATS","JSATS"
"2731","ThreeMile",38.113547,-121.687289,"2015","JSATS","JSATS"
"2741","AntiochBridge",38.026202,-121.751644,"2015","JSATS","JSATS"
"2751","AntiochBridge",38.023165,-121.751621,"2015","JSATS","JSATS"
"2761","I80_Br",38.570663,-121.515708,"2015","JSATS","JSATS"
"2771","Freeport",38.46467,-121.505,"2015","JSATS","JSATS"
"2781","Freeport",38.46467,-121.505,"2015","JSATS","JSATS"
"2791","Above_Hood",38.36794,-121.5223,"2015","JSATS","JSATS"
"2801","SteamboatSlough",38.30026,-121.58067,"2015","JSATS","JSATS"
"2812","AntiochBridge",38.02205,-121.751612,"2015","JSATS","JSATS"
"2821","AbvTisdale",39.0366,-121.829,"2015","JSATS","JSATS"
"2831","BaseSutterSteam",38.18331,-121.65601,"2015","JSATS","JSATS"
"2841","MinorBlwSutter",38.28386,-121.60406,"2015","JSATS","JSATS"
"2851","MinorBlwSutter",38.28379,-121.60348,"2015","JSATS","JSATS"
"2861","BlwCowCr",40.4608,-122.22787,"2016","JSATS","JSATS"
"2871","BlwCowCr",40.46013,-122.22765,"2016","JSATS","JSATS"
"2881","Blw_Paynes_Ck",40.2546,-122.1709,"2016","JSATS","JSATS"
"2891","Blw_Paynes_Ck",40.2546,-122.1709,"2016","JSATS","JSATS"
"2901","Blw_Salt",40.14556,-122.151,"2016","JSATS","JSATS"
"2912","Blw_Salt",40.14556,-122.151,"2016","JSATS","JSATS"
"2921","Mill_Ck_Conf",40.0327,-122.11987,"2016","JSATS","JSATS"
"2931","Abv_WoodsonBr",39.91819,-122.0861,"2016","JSATS","JSATS"
"2941","Abv_WoodsonBr",39.91819,-122.0861,"2016","JSATS","JSATS"
"2951","Blw_IrvineFinch",39.73233,-121.9729,"2016","JSATS","JSATS"
"2961","Blw_IrvineFinch",39.73233,-121.9729,"2016","JSATS","JSATS"
"2971","BlwOrd",39.56548,-122.0018,"2016","JSATS","JSATS"
"2981","BlwOrd",39.56478,-122.00032,"2016","JSATS","JSATS"
"2991","AbvColusaBr",39.22117,-122.00654,"2016","JSATS","JSATS"
"3001","AbvColusaBr",39.21975,-122.00945,"2016","JSATS","JSATS"
"3012","MeridanBr",39.1427,-121.91838,"2016","JSATS","JSATS"
"3021","AbvTisdale",39.0366,-121.829,"2016","JSATS","JSATS"
"3031","AbvTisdale",39.0361,-121.829,"2016","JSATS","JSATS"
"3041","AbvTisdale",39.0357,-121.829,"2016","JSATS","JSATS"
"3051","BlwChinaBend",38.88396,-121.81711,"2016","JSATS","JSATS"
"3061","BlwChinaBend",38.88246,-121.81771,"2016","JSATS","JSATS"
"3071","KnightsLandingBr",38.8026,-121.72,"2016","JSATS","JSATS"
"3081","KnightsLandingBr",38.8026,-121.72,"2016","JSATS","JSATS"
"3091","KnightsLandingBr",38.8026,-121.72,"2016","JSATS","JSATS"
"3102","TowerBridge",38.58046,-121.5087,"2016","JSATS","JSATS"
"3112","TowerBridge",38.58046,-121.5087,"2016","JSATS","JSATS"
"3121","I80_Br",38.570663,-121.515708,"2016","JSATS","JSATS"
"3131","I80_Br",38.57117,-121.51629,"2016","JSATS","JSATS"
"3141","SacTrawl1",38.54071,-121.51201,"2016","JSATS","JSATS"
"3151","SacTrawl1",38.5414,-121.5134,"2016","JSATS","JSATS"
"3161","SacTrawl2",38.53729,-121.51524,"2016","JSATS","JSATS"
"3171","Freeport",38.46467,-121.505,"2016","JSATS","JSATS"
"3181","Freeport",38.46467,-121.505,"2016","JSATS","JSATS"
"3191","Hood_RT",38.37464,-121.52444,"2016","JSATS","JSATS"
"3201","Hood_RT",38.3741,-121.523,"2016","JSATS","JSATS"
"3213","Blw_Sutter",38.32445,-121.57745,"2016","JSATS","JSATS"
"3221","Blw_Sutter",38.32402,-121.57584,"2016","JSATS","JSATS"
"3231","Blw_Steamboat",38.3,-121.56998,"2016","JSATS","JSATS"
"3241","Blw_Steamboat",38.30004,-121.56871,"2016","JSATS","JSATS"
"3251","SR_Mouth",38.17236,-121.65096,"2016","JSATS","JSATS"
"3261","SR_Mouth",38.17303,-121.65331,"2016","JSATS","JSATS"
"3271","Hwy84Ferry",38.1901,-121.65765,"2016","JSATS","JSATS"
"3281","Hwy84Ferry",38.19062,-121.66009,"2016","JSATS","JSATS"
"3291","RioVistaBr",38.158994,-121.684739,"2016","JSATS","JSATS"
"3301","DeckerIsland",38.07916,-121.75954,"2016","JSATS","JSATS"
"3313","ChippsW",38.047743,-121.915287,"2016","JSATS","JSATS"
"3321","ChippsW",38.046298,-121.915567,"2016","JSATS","JSATS"
"3331","ChippsW",38.043436,-121.916078,"2016","JSATS","JSATS"
"3341","ChippsW",38.044822,-121.915819,"2016","JSATS","JSATS"
"3351","Benicia",38.04494,-122.1269,"2016","JSATS","JSATS"
"3361","Benicia",38.04494,-122.1269,"2016","JSATS","JSATS"
"3371","Mill_Ck_Conf",40.03397,-122.11948,"2016","JSATS","JSATS"
"3381","Blw_FRConf",38.777041,-121.601474,"2016","JSATS","JSATS"
"3391","SteamboatSlough",38.29958,-121.58037,"2016","JSATS","JSATS"
"3401","SteamboatSlough",38.30026,-121.58067,"2016","JSATS","JSATS"
"3412","SutterSteamJunc",38.25286,-121.60237,"2016","JSATS","JSATS"
"3421","SutterSteamJunc",38.25163,-121.60279,"2016","JSATS","JSATS"
"3431","BaseSutterSteam",38.18331,-121.65601,"2016","JSATS","JSATS"
"3441","BaseSutterSteam",38.18312,-121.65181,"2016","JSATS","JSATS"
"3451","DeckerIsland",38.07781,-121.75797,"2016","JSATS","JSATS"
"3461","DeckerIsland",38.081273,-121.759482,"2016","JSATS","JSATS"
"3471","DeckerIsland",38.07568,-121.75524,"2016","JSATS","JSATS"
"3481","ChippsW",38.049103,-121.915108,"2016","JSATS","JSATS"
"3491","Benicia",38.04494,-122.1269,"2016","JSATS","JSATS"
"3501","Benicia",38.04494,-122.1269,"2016","JSATS","JSATS"
"3512","Blw_FRConf",38.7766,-121.603,"2016","JSATS","JSATS"
"3521","Benicia",38.04494,-122.1269,"2016","JSATS","JSATS"
"3531","Benicia",38.04494,-122.1269,"2016","JSATS","JSATS"
"3541","GeorgeMok",38.12946,-121.58521,"2016","JSATS","JSATS"
"3551","GeorgeMok",38.12955,-121.58652,"2016","JSATS","JSATS"
"3561","AntiochBridge",38.028459,-121.75183,"2016","JSATS","JSATS"
"3571","AntiochBridge",38.026202,-121.751644,"2016","JSATS","JSATS"
"3581","AntiochBridge",38.023165,-121.751621,"2016","JSATS","JSATS"
"3591","YB_LibertyIsBase",38.22411,-121.67524,"2016","JSATS","JSATS"
"3601","Blw_FRConf",38.77409,-121.60043,"2016","JSATS","JSATS"
"3612","Benicia",38.04494,-122.1269,"2016","JSATS","JSATS"
"3621","Mok_SF_Blw_Hwy12",38.10911,-121.50105,"2016","JSATS","JSATS"
"3631","GCID_blw",39.79212,-122.03654,"2016","JSATS","JSATS"
"3641","GCID_blw",39.79022,-122.03549,"2016","JSATS","JSATS"
"3651","Benicia",38.04494,-122.1269,"2016","JSATS","JSATS"
"3661","SutterSlough",38.33178,-121.58308,"2016","JSATS","JSATS"
"3671","MinorBlwSutter",38.28386,-121.60406,"2016","JSATS","JSATS"
"3681","ThreeMile",38.11595,-121.68571,"2016","JSATS","JSATS"
"3691","MinorBlwSutter",38.28379,-121.60348,"2016","JSATS","JSATS"
"3701","AntiochBridge",38.027212,-121.751816,"2016","JSATS","JSATS"
"3712","ToeDrainBase",38.29076,-121.6608,"2016","JSATS","JSATS"
"3721","ToeDrainBase",38.2911,-121.66113,"2016","JSATS","JSATS"
"3731","AntiochBridge",38.024255,-121.751629,"2016","JSATS","JSATS"
"3741","MillCk2",40.04606,-122.0944,"2017","JSATS","JSATS"
"3751","Colusa BC3",39.13037,-121.93552,"2017","JSATS","JSATS"
"3761","MillCk1.5",40.0526,-122.05846,"2017","JSATS","JSATS"
"3771","AR_RanchoCordova",38.61468,-121.30276,"2016","JSATS","JSATS"
"3781","AR_Downstream_WattAve",38.56572,-121.39069,"2016","JSATS","JSATS"
"3791","AR_Upstream_Hwy80",38.58339,-121.44109,"2016","JSATS","JSATS"
"3801","AR_Mouth",38.59999,-121.50684,"2016","JSATS","JSATS"
"3812","AR_Mouth",38.60054,-121.50615,"2016","JSATS","JSATS"
"3821","BlwGeorgiana",38.23825,-121.52699,"2016","JSATS","JSATS"
"3831","BlwGeorgiana",38.23956,-121.52522,"2016","JSATS","JSATS"
"3841","RioVistaBr",38.158563,-121.683758,"2016","JSATS","JSATS"
"3851","AR_RanchoCordova",38.61468,-121.30276,"2017","JSATS","JSATS"
"3861","AR_Downstream_WattAve",38.56572,-121.39069,"2017","JSATS","JSATS"
"3871","AR_Mouth",38.60054,-121.50615,"2017","JSATS","JSATS"
"3881","AR_Mouth",38.59999,-121.50684,"2017","JSATS","JSATS"
"3891","RedBluffDivDam",40.153009,-122.198238,"2017","JSATS","JSATS"
"3901","RedBluffDivDam",40.153702,-122.19318,"2017","JSATS","JSATS"
"3912","Butte1",39.09834,-121.75655,"2015","JSATS","JSATS"
"3921","Butte2",39.00687,-121.72227,"2015","JSATS","JSATS"
"3931","Butte3",38.92734,-121.62995,"2015","JSATS","JSATS"
"3941","Butte5",38.85305,-121.65151,"2015","JSATS","JSATS"
"3951","Butte6",38.78346,-121.63226,"2015","JSATS","JSATS"
"3961","Above_Hood",38.36805,-121.52071,"2015","JSATS","JSATS"
"3971","Blw_Hood",38.34518,-121.55553,"2015","JSATS","JSATS"
"3981","Butte0.5",39.102003,-121.75864,"2016","JSATS","JSATS"
"3991","Butte1",39.09834,-121.75655,"2016","JSATS","JSATS"
"4001","Butte2",39.00687,-121.72227,"2016","JSATS","JSATS"
"4012","Butte3",38.92734,-121.62995,"2016","JSATS","JSATS"
"4021","Butte5",38.85305,-121.65151,"2016","JSATS","JSATS"
"4031","Butte6",38.78346,-121.63226,"2016","JSATS","JSATS"
"4041","Butte4",38.915024,-121.625419,"2016","JSATS","JSATS"
"4051","CoxRiffle",39.33378,-121.63266,"2013","JSATS","JSATS"
"4061","CoxRiffle",39.33367,-121.63306,"2013","JSATS","JSATS"
"4071","SunsetPumps",39.25139,-121.63476,"2013","JSATS","JSATS"
"4081","SunsetPumps",39.25153,-121.63518,"2013","JSATS","JSATS"
"4091","ShanghaiBend",39.09114,-121.5955,"2013","JSATS","JSATS"
"4102","ShanghaiBend",39.09114,-121.5955,"2013","JSATS","JSATS"
"4112","StarBend",39.00988,-121.5938,"2013","JSATS","JSATS"
"4121","BC_Beach",38.88226,-121.614,"2013","JSATS","JSATS"
"4131","Blw_FRConf",38.77815,-121.60226,"2013","JSATS","JSATS"
"4141","Blw_FRConf",38.77573,-121.60178,"2013","JSATS","JSATS"
"4151","Hood",38.36219,-121.52247,"2013","JSATS","JSATS"
"4161","Blw_Sutter",38.32402,-121.57584,"2013","JSATS","JSATS"
"4171","Hwy84Ferry",38.1901,-121.65765,"2013","JSATS","JSATS"
"4181","Hwy84Ferry",38.19062,-121.66009,"2013","JSATS","JSATS"
"4191","Benicia",38.04494,-122.1269,"2013","JSATS","JSATS"
"4201","BC_Beach",38.88226,-121.614,"2013","JSATS","JSATS"
"4212","Hood",38.3617,-121.52033,"2013","JSATS","JSATS"
"4221","SteamboatSlough",38.30026,-121.58067,"2013","JSATS","JSATS"
"4231","SutterSteamJunc",38.25163,-121.60279,"2013","JSATS","JSATS"
"4241","SutterSteamJunc",38.25286,-121.60237,"2013","JSATS","JSATS"
"4251","BaseSutterSteam",38.18331,-121.65601,"2013","JSATS","JSATS"
"4261","BC_Beach",38.88226,-121.614,"2013","JSATS","JSATS"
"4271","Blw_Sutter",38.32445,-121.57745,"2013","JSATS","JSATS"
"4281","Georgiana_Slough",38.23417,-121.5196,"2013","JSATS","JSATS"
"4291","Georgiana_Slough",38.23388,-121.519,"2013","JSATS","JSATS"
"4301","GeorgeMok",38.12946,-121.58521,"2013","JSATS","JSATS"
"4312","GeorgeMok",38.12955,-121.58652,"2013","JSATS","JSATS"
"4321","AntiochBridge",38.026202,-121.751644,"2013","JSATS","JSATS"
"4331","AntiochBridge",38.027212,-121.751816,"2013","JSATS","JSATS"
"4341","AntiochBridge",38.024255,-121.751629,"2013","JSATS","JSATS"
"4351","AntiochBridge",38.025371,-121.751626,"2013","JSATS","JSATS"
"4361","SJ_JerseyPt",38.05002,-121.6907,"2013","JSATS","JSATS"
"4371","SJ_JerseyPt",38.04856,-121.69155,"2013","JSATS","JSATS"
"4381","AntiochBridge",38.02205,-121.751612,"2013","JSATS","JSATS"
"4391","AntiochBridge",38.023165,-121.751621,"2013","JSATS","JSATS"
"4401","AntiochBridge",38.02095,-121.751611,"2013","JSATS","JSATS"
"4412","SteamboatSlough",38.29958,-121.58037,"2013","JSATS","JSATS"
"4421","BaseSutterSteam",38.18312,-121.65181,"2013","JSATS","JSATS"
"4431","SutterSlough",38.33225,-121.58294,"2013","JSATS","JSATS"
"4441","ThreeMile",38.113547,-121.687289,"2013","JSATS","JSATS"
"4451","SJ_JerseyPt",38.05212,-121.69429,"2013","JSATS","JSATS"
"4461","Benicia",38.04494,-122.1269,"2013","JSATS","JSATS"
"4471","Benicia",38.04494,-122.1269,"2013","JSATS","JSATS"
"4481","BattleCk1",40.39827,-122.14959,"2016","JSATS","JSATS"
"4491","AntiochBridge",38.025371,-121.751626,"2016","JSATS","JSATS"
"4501","AntiochBridge",38.02095,-121.751611,"2016","JSATS","JSATS"
"4512","BattleCk4",40.36007,-122.1735,"2017","JSATS","JSATS"
"4521","BattleCk4",40.3609,-122.1761,"2017","JSATS","JSATS"
"4531","I80_Br",38.57117,-121.515708,"2017","JSATS","JSATS"
"4541","BattleCk1",40.39827,-122.14959,"2017","JSATS","JSATS"
"4551","AntiochBridge",38.028459,-121.75183,"2013","JSATS","JSATS"
"4561","Mok_NF_end",38.14326,-121.56091,"2013","JSATS","JSATS"
"4571","Blw_Paynes_Ck",40.2546,-122.1709,"2013","JSATS","JSATS"
"4581","Blw_Paynes_Ck",40.2546,-122.1709,"2013","JSATS","JSATS"
"4591","Mill_Ck_Conf",40.03397,-122.11948,"2013","JSATS","JSATS"
"4601","Mill_Ck_Conf",40.0327,-122.11987,"2013","JSATS","JSATS"
"4612","Blw_IrvineFinch",39.73233,-121.9729,"2013","JSATS","JSATS"
"4621","Abv Grimes",39.0962,-121.8962833,"2013","JSATS","JSATS"
"4631","BlwTisdale",38.98941,-121.80463,"2013","JSATS","JSATS"
"4641","BlwChinaBend",38.88396,-121.81711,"2013","JSATS","JSATS"
"4651","BlwChinaBend",38.88246,-121.81771,"2013","JSATS","JSATS"
"4661","AbvColusaBr",39.21975,-122.00945,"2013","JSATS","JSATS"
"4671","Blw_Hood",38.34365,-121.5552,"2015","JSATS","JSATS"
"4681","YB_LibertyIsBase",38.2243,-121.67281,"2015","JSATS","JSATS"
"4691","ThreeMile",38.11595,-121.68571,"2015","JSATS","JSATS"
"4701","AR_Sunrise_Ramp",NA,NA,"2016","JSATS","JSATS"
"4712","AR_Sunrise_Ramp",NA,NA,"2017","JSATS","JSATS"
"4721","BattleCk_CNFH",NA,NA,"2012","JSATS","JSATS"
"4731","Blw_Paynes_Ck",40.2546,-122.1709,"2012","JSATS","JSATS"
"4741","Abv_WoodsonBr",39.91819,-122.0861,"2012","JSATS","JSATS"
"4751","Blw_IrvineFinch",39.73233,-121.9729,"2012","JSATS","JSATS"
"4761","Freeport",38.46467,-121.505,"2012","JSATS","JSATS"
"4771","Benicia",38.04494,-122.1269,"2012","JSATS","JSATS"
"4781","Blw_Salt",40.14556,-122.151,"2012","JSATS","JSATS"
"4791","KnightsLandingBr",38.8026,-121.72,"2012","JSATS","JSATS"
"4801","TowerBridge",38.58046,-121.5087,"2012","JSATS","JSATS"
"4812","BattleCk_CNFH",NA,NA,"2013","JSATS","JSATS"
"4821","BattleCk_CNFH",NA,NA,"2017","JSATS","JSATS"
"4831","BattleCk_CNFH",NA,NA,"2016","JSATS","JSATS"
"4841","Riverbank_Marina_Rel",NA,NA,"2012","JSATS","JSATS"
"4851","Hood_Rel",NA,NA,"2015","JSATS","JSATS"
"4861","StarBend",39.00988,-121.5938,"2012","JSATS","JSATS"
"4871","FR_Goose",39.40632,-121.6164,"2012","JSATS","JSATS"
"4881","ShanghaiBend",39.09114,-121.5955,"2012","JSATS","JSATS"
"4891","FR_Verona",38.81675,-121.6385,"2012","JSATS","JSATS"
"4901","Gridley_Rel",NA,NA,"2013","JSATS","JSATS"
"4912","FR Boyds Release",NA,NA,"2013","JSATS","JSATS"
"4921","FR Boyds Release",NA,NA,"2014","JSATS","JSATS"
"4931","BoydsPump",39.0518,-121.6104,"2014","JSATS","JSATS"
"4941","StarBend",39.00988,-121.5938,"2014","JSATS","JSATS"
"4951","BC_Beach",38.88226,-121.614,"2014","JSATS","JSATS"
"4961","MillCk_RST_Rel",NA,NA,"2013","JSATS","JSATS"
"4971","MillCk2",40.04606,-122.0944,"2013","JSATS","JSATS"
"4981","MillCk_RST_Rel",NA,NA,"2017","JSATS","JSATS"
"4991","SutterBypass Weir2 RST",NA,NA,"2015","JSATS","JSATS"
"5001","SutterBypass Weir2 RST",NA,NA,"2016","JSATS","JSATS"
"5012","SutterBypass Weir2 RST",NA,NA,"2017","JSATS","JSATS"
"5021","Tisdale Release",NA,NA,"2013","JSATS","JSATS"
"5031","Caldwell Park_Rel",NA,NA,"2013","JSATS","JSATS"
"5041","Hwy 44 Bridge",40.58691,-122.3689,"2013","JSATS","JSATS"
"5051","Blw_Cypress",40.56015,-122.3742,"2013","JSATS","JSATS"
"5061","Blw_ClearCr",40.49729,-122.3573,"2013","JSATS","JSATS"
"5071","Caldwell Park_Rel",NA,NA,"2014","JSATS","JSATS"
"5081","Blw_Cypress",40.56015,-122.3742,"2014","JSATS","JSATS"
"5091","Blw_ClearCr",40.49729,-122.3573,"2014","JSATS","JSATS"
"5101","Caldwell Park_Rel",NA,NA,"2015","JSATS","JSATS"
"5112","Blw_Cypress",40.56015,-122.3742,"2015","JSATS","JSATS"
"5121","Blw_ClearCr",40.49729,-122.3573,"2015","JSATS","JSATS"
"5131","Bonnyview_Rel",NA,NA,"2016","JSATS","JSATS"
"5141","Blw_ClearCr",40.49729,-122.3573,"2016","JSATS","JSATS"
"5151","Caldwell Park_Rel",NA,NA,"2017","JSATS","JSATS"
"5161","Blw_Cypress",40.56015,-122.3742,"2017","JSATS","JSATS"
